Daily Mean PM2.5 Concentration,Max Temp,Avg Dew Point,Max Wind Speed,Avg Humidity
8.3,63,25,15,37
14.3,68,21,7,35
12.2,57,28,6,47
22.3,59,42,6,69
40.3,61,43,7,72
6,62,40,9,61
38.1,65,45,6,69
35.7,69,46,6,69
18.2,76,41,8,55
12.8,77,36,6,44.5
11.9,73,31,6,39.5
15.2,70,36,7,51.5
22.2,67,40,8,50
9,64,20,8,30
6.1,56,40,8,59
9.6,59,43,9,69.5
10.4,60,44,15,67.5
3.7,54,43,12,76
6.1,57,47,13,75.5
6.4,68,41,15,60.5
4.2,58,45,13,66.5
8.4,62,31,14,51
7.8,64,31,9,46
13.3,61,40,7,64
10.2,60,38,9,56
5.2,57,45,18,76
2.2,63,31,12,55.5
7.5,62,28,10,43
15.1,63,35,7,49
14.7,69,38,5,57.5
24.8,76,41,7,42
5.8,83,32,8,37
10.6,79,36,6,41
23.1,77,41,7,50
25.9,60,48,7,80
6.5,62,31,18,44.5
7.8,66,25,9,36
26,63,45,9,66
8.2,81,38,9,46.5
18.1,76,48,6,58
25.1,67,49,9,69.5
16.7,73,45,9,56.5
20.1,72,53,8,70
10.2,66,48,9,50
7.5,64,41,17,57.5
3.2,67,27,13,31
6.7,73,25,15,35
10.7,73,40,9,51
25,71,51,8,68.5
11.5,65,42,9,57
14.6,62,44,9,67.5
12.6,65,45,10,66.5
5,68,50,10,73
20.6,70,50,10,68
18.7,65,48,10,66.5
12.1,66,48,8,64.5
12.1,68,46,8,64
10.3,65,45,10,67.5
7.6,66,42,10,57
11.3,73,46,8,57
12.7,88,40,9,45
9.5,94,28,9,24.5
6.9,97,29,10,20.5
13.4,83,44,10,43
13.3,68,46,9,61.5
13.9,68,46,12,61
15.2,84,40,8,44
15.7,79,44,9,54
13.1,65,45,9,62.5
12.7,65,44,12,64
11.7,68,43,9,58.5
14.2,71,43,10,55.5
11.1,69,46,12,62.5
10.5,70,45,10,58
12.2,89,35,10,42.5
12.9,94,36,9,25
13.7,95,35,9,22
18.8,96,33,8,28
16.3,76,50,12,58
13,68,47,10,60.5
14.2,73,46,10,54
14.3,83,43,10,45
14.9,80,48,10,52.5
13.1,70,49,8,64
9.8,65,48,10,66.5
14.5,65,49,8,71.5
10.6,66,50,9,68
16.3,70,49,9,64.5
19.2,65,51,15,73
17.1,70,51,10,66
20,70,51,9,69.5
14.6,64,50,7,72
13.6,71,49,13,62
17.7,78,51,8,59
18.4,84,53,9,56.5
13,96,51,12,47.5
14,96,50,9,39.5
18.5,96,55,7,48
17,88,57,9,52
16.6,76,56,10,69
14.6,76,49,14,51.5
14,72,50,9,60
14.6,61,47,12,63.5
6.5,66,43,10,57
7.2,68,45,16,61
6.7,72,47,10,56
6.3,72,48,10,58
6.8,77,49,10,56
8.6,75,50,9,59
9.8,73,51,8,64.5
10.5,74,52,9,63
14.2,74,52,9,64.5
17.7,73,53,8,65.5
12.3,70,52,9,63
15.8,76,51,8,59
14.8,80,53,8,61.5
13.7,77,53,9,63.5
17,76,55,8,64
23.9,79,57,8,66
21.4,77,57,8,67
15.8,75,54,9,62
15.8,78,55,10,64
14.9,75,56,10,70.5
14.7,75,55,9,70
19.3,82,56,7,66
19.6,83,56,7,63
18.9,85,56,9,61.5
19.3,89,56,8,54
18,91,57,6,53
18.4,97,59,8,53
16.8,97,58,9,47
15.9,96,58,8,47
18.6,89,56,9,54
17.9,81,58,9,64.5
20.2,79,58,9,65
21.6,79,57,9,64
24.8,79,58,8,64
19.4,79,58,9,67
16.7,81,58,9,66
14.7,82,58,8,63
13.5,83,57,9,64.5
26.9,85,60,8,65
43.7,89,59,9,58
40.3,89,58,7,53.5
30.9,81,60,7,69
32.8,83,60,9,69
22.9,80,60,9,69
18,79,60,9,69
16.8,82,60,8,67.5
13.7,84,60,7,66
13,84,61,9,64
12.8,83,60,9,64
14,84,59,9,59
13.6,85,57,9,56
15.5,86,59,10,60.5
20.1,82,60,8,66
29,81,61,7,72.5
16.5,79,59,9,70.5
13.5,78,58,8,65
12.4,78,57,10,66
17,81,59,8,68
19.2,80,58,9,66
18.7,79,57,9,66
19.3,88,61,9,54.5
13.9,81,59,8,64.5
15.9,80,59,8,63
15.7,79,59,8,69
16.3,82,60,9,67.5
23.4,82,60,9,69
24,84,60,8,68.5
21.1,83,61,9,67.5
16.5,87,61,8,60.5
16.5,85,62,8,62.5
13.8,87,62,9,63
13,86,60,9,58
14.8,88,60,9,59
13.4,86,60,9,62
11,84,59,10,61.5
9.8,84,59,9,63.5
13.8,82,59,8,64.5
16.2,83,59,9,67.5
19.5,85,60,8,62
17.3,89,62,9,60.5
14.6,83,62,8,66
15,85,61,9,64
14.3,82,60,9,64.5
14.2,79,60,9,68
11.7,80,59,9,68
12.3,83,59,9,64.5
12.7,82,61,7,66
12.9,82,61,8,64.5
12.8,82,61,8,69
12.8,83,61,8,67
13,87,62,8,63.5
20.1,83,62,8,67
22.7,82,61,8,70.5
18.7,91,61,8,64
15.2,89,63,9,63.5
11.7,86,63,7,60
10.2,82,62,7,64.5
13,85,63,9,69
14.3,87,62,8,70
16.2,86,61,9,61.5
17.8,85,61,9,65.5
17.5,83,61,8,67
19.3,84,61,7,69
19.1,83,61,7,66
16.5,83,59,9,59
13.8,79,58,9,61.5
13.5,76,57,10,70.5
20.3,74,58,7,69.5
24.8,78,59,8,66
22.1,79,59,9,69
21,87,59,7,62
18.9,82,61,7,66
17.3,82,60,8,66
14.9,86,58,10,66
11.5,85,54,12,53
8.6,78,56,8,65
10.5,77,56,8,62.5
17.6,80,57,8,64.5
23.1,82,58,6,65.5
17.9,86,59,6,65.5
14,91,58,7,57
15.8,87,60,6,60.5
16.9,82,61,6,73
14.4,80,59,5,71
17.4,87,58,5,61
13.3,99,54,7,45.5
15.8,100,53,9,40.5
15.6,87,58,9,52.5
9.7,76,58,8,72.5
6,69,56,8,73.5
9.9,75,56,8,68
13.8,87,55,8,57
10.3,97,48,8,43
15.5,97,46,9,35
18.4,82,57,9,61.5
12.6,76,46,15,50.5
3.3,70,23,13,25
7.2,73,26,8,31.5
12.9,77,29,7,31.5
20.8,83,35,8,38.5
11.4,94,37,9,37
12.7,92,39,6,29
14.6,95,44,7,37.5
12.3,80,52,9,57
17,73,54,8,70
25.8,68,53,4,71.5
25.8,85,55,7,58.5
11,94,23,8,21
14.9,88,36,6,34.5
21.8,89,46,6,48
26.8,83,54,6,64
22,89,51,7,55.5
15.3,94,45,0,43.5
19.6,90,52,6,53
17.6,84,53,9,51
14.7,85,55,8,50
10.6,79,53,8,56.5
6.7,72,56,10,71.5
8.5,70,54,8,65.5
4.8,70,50,13,57
8.2,75,38,9,39.5
8.6,80,26,5,28.5
11.1,85,40,10,34
7.2,85,45,8,45
3.3,69,46,13,56
8.6,69,46,10,54.5
13.1,71,47,8,58.5
20,78,48,9,54.5
32.8,84,50,6,54
19.3,89,48,6,49
39.9,93,36,6,39.5
78.3,88,32,5,26
26.3,91,31,7,27.5
19.5,89,39,7,38.5
20.7,84,48,8,51
32.9,78,50,7,57.5
19.5,86,41,5,37.5
34.4,82,46,6,51
50,69,52,7,66.5
26.8,73,50,10,66
16.7,76,52,8,61
7,66,55,12,75
7.7,69,52,9,70.5
19.8,68,52,7,69
30.6,71,52,7,68
33.2,73,52,6,67
28.3,77,52,5,63
54.5,65,52,6,74.5
59.9,68,50,6,63.5
24.1,68,50,6,62.5
8.9,79,45,7,50
9.4,57,41,9,61
9.4,57,41,9,61
4.7,59,47,13,71
4.7,59,47,13,71
6.1,57,27,14,51.5
6.1,57,27,14,51.5
9.1,61,24,6,37.5
9.1,61,24,6,37.5
7.2,68,26,8,31.5
7.2,68,26,8,31.5
8.2,76,32,8,37
8.2,76,32,8,37
15.8,76,38,6,49
15.8,76,38,6,49
40.5,68,47,6,69
40.5,68,47,6,69
69.4,68,46,6,67.5
59.7,55,46,8,79.5
29.8,64,45,7,61.5
20,66,28,6,47.5
13,62,28,6,40.5
23.9,65,40,7,58
32.8,71,43,7,58
36.5,68,47,8,65.5
46.2,72,46,6,57
20,75,29,6,41.5
10.7,83,27,6,28
13,88,30,6,27
13.2,85,35,6,32
8.5,86,27,7,29
10.5,85,25,7,24.5
13.1,83,29,6,31
10,82,29,7,31.5
6.6,84,25,9,21.5
7.8,83,27,6,20
8.6,85,30,8,21.5
15.1,78,39,6,38.5
17.8,73,45,8,42.5
12.3,66,55,7,70
7.8,65,53,7,74.5
10.2,64,46,8,65.5
6.8,63,34,9,53
10.4,68,24,8,38
8.9,75,26,6,33.5
11.4,80,31,7,35
11.5,80,29,6,34
11.7,79,31,8,38
25.9,71,46,8,58
12.2,82,28,8,43
9.4,83,25,6,22
8,80,26,8,30.5
8.6,64,51,12,58
5.6,61,52,8,76.5
5.4,60,45,9,68
9.3,60,45,9,67
13.1,60,38,8,60
7.4,61,38,12,59
8.1,56,41,9,71
11.7,58,37,9,66
16.5,61,38,7,58
7.2,58,45,17,71.5
6.8,59,43,8,66.5
8.4,65,42,7,60
7.2,75,30,8,39
7.1,75,34,8,44
17.5,72,40,7,50.5
23,73,45,3,48
22.7,73,50,7,60.5
17.3,71,49,8,67
12.6,64,47,8,71
17,66,47,7,67
22.2,69,49,9,67
14.7,84,40,7,47
8.8,84,39,10,36
12.7,71,44,7,52.5
8,68,48,10,63.5
9.7,61,48,9,74.5
8,63,41,9,63.5
11.3,63,41,13,61
12,66,42,9,55.5
17,64,45,8,64
10.9,63,45,8,64.5
11.5,66,40,12,57
13.5,62,43,8,65.5
11.5,65,42,9,55
20.9,67,45,8,65.5
29.6,66,47,8,62.5
14.2,64,45,9,62.5
21.3,70,45,8,61.5
22.5,77,48,9,58
27.1,84,50,7,53
58.7,74,52,7,69.5
53.7,67,50,9,69.5
17.5,63,47,8,69
5.2,63,44,16,58
9.1,69,27,13,29.5
7.6,76,29,9,32.5
15.1,78,34,10,44
21.7,70,50,9,69
20.1,76,46,10,55.5
15.8,81,38,9,41.5
20.6,66,49,7,71
13.9,70,45,9,54
19.3,74,45,9,52.5
22.3,70,48,10,63.5
23.2,64,49,8,68.5
15,66,47,9,60
14.1,69,40,10,50.5
10.6,81,24,12,26
8.3,83,32,9,45
13.5,68,50,10,62.5
5.3,65,46,17,65
9.2,69,46,12,58.5
13.3,65,45,10,60.5
10.2,67,45,9,62.5
13.8,69,47,9,61
19.1,76,50,8,62
17.7,68,46,13,53
6.5,60,33,15,44
12.5,66,39,8,48.5
15,76,42,10,51
18.8,81,42,9,52
10.1,94,39,10,35
9.6,100,34,10,23.5
14.3,95,41,9,38.5
23.8,75,53,10,65
16.1,69,51,6,64.5
14.6,66,49,8,68
10.1,69,44,10,49.5
15.1,69,46,10,56
17.6,67,47,9,62.5
15.6,65,44,9,60
19.7,67,45,10,60.5
20.7,70,46,9,60.5
22,75,49,10,55
9.3,69,53,9,69.5
16.1,72,53,10,69.5
12.3,75,53,9,65.5
12.7,78,53,8,62
14.8,90,52,13,49.5
18.5,89,54,9,53.5
21.1,81,55,7,61.5
27.8,76,55,9,67
28.8,74,54,9,68.5
36.4,74,54,10,69.5
25.4,72,54,9,67.5
27.5,74,54,9,66.5
26.2,77,57,9,72
32.5,77,57,8,69
36,78,58,9,68
37.2,79,59,8,75.5
25.2,77,58,10,73.5
18.2,75,56,9,67
19.1,80,56,9,65
22.3,78,56,8,65
24.4,74,55,10,68.5
22.2,74,53,10,63.5
18,72,52,10,63.5
16.5,70,52,9,66.5
21.9,73,53,8,64.5
27.5,75,55,10,65.5
26.6,73,56,8,67.5
20,67,56,7,76
12.2,68,55,8,76
21.8,70,56,9,73.5
19.3,70,56,8,75
22,76,56,9,68.5
25.1,70,56,9,76
14.1,74,54,10,66
4.8,71,55,10,70.5
7.2,73,54,10,68.5
5.2,73,54,9,63.5
13.4,72,54,9,70.5
11.6,71,54,8,68
11.9,71,55,7,70.5
11.3,70,55,7,69.5
11.5,70,56,6,69.5
11.8,72,55,10,68.5
9.2,74,55,8,70
7,75,56,10,68.5
9,76,57,10,68.5
16.2,76,57,8,69
22,77,58,8,70
25.6,78,59,8,73
11,73,58,8,74
10.4,75,54,10,65.5
17.9,77,55,10,66.5
19.6,77,56,9,67
21.3,77,56,10,64
21.4,74,57,10,70.5
27.4,77,57,9,68.5
27.5,81,58,7,66
22.4,81,58,9,69.5
23.6,79,58,10,71
21.6,76,58,9,70.5
18.2,76,57,9,70
17.2,78,58,9,72
20,78,58,10,73.5
24.1,80,56,10,67.5
17,76,56,8,69.5
18.1,79,57,8,65.5
19.9,79,59,9,72
21.2,81,58,9,66.5
24.2,82,58,9,67.5
25,86,57,9,63
15.3,86,55,9,53
19.8,89,58,9,56
18.3,90,58,8,56.5
21.5,82,60,8,70.5
18.2,84,58,9,61.5
14.7,84,59,9,63.5
15.9,87,59,8,63.5
18.3,92,62,7,57.5
24.7,90,63,8,65
23.3,89,61,8,55.5
23.8,88,62,7,60
22.5,85,63,8,66
22,85,61,9,66
19,83,62,9,69.5
18.7,86,62,9,64.5
15,83,62,8,66
17.8,84,61,8,69
18.7,84,61,8,67
13.8,84,61,9,64
19.3,83,62,9,66
21.2,83,62,10,70.5
20.2,82,61,9,73.5
11.2,87,59,8,63
10.2,91,55,12,52.5
16.1,90,55,10,51
8,78,57,12,60
8,79,57,12,63
15.9,80,57,8,59
22.4,78,59,9,69
28,80,59,9,72
25.1,77,59,9,75
33.1,80,59,8,72
35,78,60,7,73
24.1,79,60,9,70.5
22.2,78,59,9,67.5
32,80,58,8,73
36.5,77,58,9,73
35.8,76,58,8,73.5
38.9,76,58,8,71
24.7,76,58,9,73.5
25.8,80,59,7,71
23.4,85,63,8,66
21.5,82,63,9,70.5
21,83,60,10,66
15.1,89,54,10,55
32.2,94,47,10,46.5
24,101,46,10,37.5
22.4,98,58,7,45.5
24.5,100,57,9,48
41.3,98,57,9,51.5
31.7,92,57,9,52
20.9,93,63,6,55.5
27.7,96,63,9,55
23.1,96,62,9,55.5
22,96,63,9,55
18,89,60,8,59.5
18.4,87,60,8,59
18.3,86,62,8,60.5
17,83,61,8,60.5
23.1,84,62,8,67
21.2,89,61,10,63.5
17.2,86,62,8,64
20.1,80,62,8,72.5
13.7,78,59,12,65.5
9.6,76,59,9,69
10.5,81,59,10,66
18.8,81,61,8,70.5
18.5,86,62,9,64
28.3,88,64,7,65
30.9,86,63,9,66
29.7,85,62,7,67.5
25.6,82,61,8,69
20.8,87,62,7,67.5
12.2,100,52,10,50
18.1,100,50,8,39.5
22.6,95,58,8,50
26.3,90,62,7,65.5
32.4,81,62,7,73.5
41.6,78,60,7,71.5
27,75,57,10,68.5
14.8,78,49,8,55.5
11,93,34,9,35
13.5,88,45,9,46
14,79,55,9,60
12.1,70,48,12,55.5
13,72,47,10,51.5
16.1,72,49,9,62
13.3,71,52,9,65.5
22,74,53,8,66
26.3,73,55,8,70.5
23.2,73,54,9,70.5
13.4,70,50,9,58
11.7,68,51,8,64.5
7.1,70,59,12,78
7.1,69,63,9,90
27.3,81,62,6,75.5
17.4,98,58,0,57.5
18.7,92,59,7,53.5
33.1,78,62,6,73.5
14.7,74,57,9,67.5
11.1,75,53,8,62.5
11.7,79,51,7,56
18.1,83,54,7,55
24.2,85,56,8,61.5
32.6,81,59,7,69.5
45.2,82,59,6,63
13,91,40,8,45.5
15,77,41,18,49
8.8,70,20,12,19
11,71,28,12,32
15,74,41,7,52
16.5,83,48,8,54.5
15.3,87,43,7,41
20.4,84,53,8,60
25.5,84,54,6,63
30,70,55,7,75
35.6,69,54,8,69.5
25.7,70,54,7,70.5
34.9,69,53,8,72.5
53.3,72,54,7,73
33,76,52,7,63
17.3,84,47,6,52.5
20.1,77,53,7,64
24.4,72,53,7,66
15.6,70,44,10,58.5
16.6,69,40,8,52
15.4,75,37,6,41.5
10.6,78,23,7,29.5
10.5,80,32,8,41
22.7,69,46,6,62
29.6,75,48,8,61
24.7,72,50,8,68
26.7,67,49,8,72.5
21.3,70,45,7,59.5
19.3,79,46,5,52.5
16.3,76,32,7,47
16.4,79,27,7,33
11,84,28,8,33.5
13.9,71,42,8,48
8.4,66,41,13,52.5
10,74,40,9,48
13.6,79,30,7,36
15.5,68,44,25,55
18.8,66,47,44,65.5
34.4,66,47,44,70.5
27.4,72,40,22,49.5
20.2,61,45,36,62
11,59,42,39,65.5
9.9,54,45,28,69
9.4,57,29,24,48
17.6,59,34,31,52
26,62,37,29,47
29.2,58,51,46,79
8.8,64,56,52,86.5
7.8,63,51,47,74.5
15.9,65,47,45,72.5
11.5,71,40,30,52.5
12.2,75,38,31,40.5
12,76,36,31,39.5
11.8,80,37,29,37.5
22.6,68,41,7,54.5
10.8,61,34,17,49
10,67,26,8,35.5
22.6,68,39,6,56.5
25.6,66,40,7,55.5
31.5,62,44,6,67.5
30.6,64,39,6,60
10.5,69,29,7,33
18.7,66,41,7,59
21.2,56,47,8,77.5
18.6,69,43,5,61.5
15.9,70,36,8,42
7,78,35,7,41.5
6.7,79,25,6,22
6.2,77,26,6,27
8.8,78,30,12,39
22.5,76,38,6,44
34.5,74,44,6,56
19.4,79,42,5,56
8,77,37,6,34.5
10.3,77,39,7,44
14.8,81,39,5,39
28.2,73,49,7,60.5
19.9,66,50,10,66.5
17.7,74,39,7,51.5
12,76,32,6,36.5
14.4,71,40,8,51
19,66,49,7,67
11.1,62,54,16,82.5
12.2,58,48,15,75
9.5,59,48,12,80
6.2,58,48,16,77.5
7.3,53,44,7,81.5
13.5,60,41,7,66
16.5,64,41,8,62.5
16.8,67,42,8,55.5
18.3,61,45,9,66.5
12.7,69,47,8,60
14.5,71,44,7,52.5
21.8,68,45,8,63
26.6,64,48,8,72.5
30.1,66,46,7,65
32,68,47,7,62.5
40.7,66,50,7,70.5
27.2,70,48,7,64
18.6,65,49,8,68
12.7,58,51,13,80.5
12.2,65,41,7,62.5
16.6,65,45,9,67.5
25.7,67,48,8,68.5
21.1,75,46,8,58.5
14.1,81,42,8,51.5
12.3,82,39,6,40
14.5,84,39,7,40.5
21.6,80,44,8,48.5
44.3,69,52,7,73
15.4,64,47,9,64.5
6.9,64,48,9,67
6.8,65,50,13,67.5
5.6,70,40,12,53.5
11,69,30,9,36.5
16.2,66,46,7,58
17.1,70,51,8,71
18.1,75,48,9,55
8.4,66,48,10,63
5.6,64,42,8,62.5
10.3,68,42,9,52
14.3,66,48,8,66.5
6.3,62,31,14,49
7,64,31,13,41
12.2,68,33,10,43.5
14,71,39,10,49
17,66,46,7,64.5
13.5,71,41,8,52
11.2,82,34,8,39.5
10,88,35,12,29.5
9.1,87,35,10,28.5
20.5,78,50,8,58
25,74,51,8,62
28,81,49,7,56
26.1,80,50,7,61.5
22.8,72,49,8,62
19.5,73,49,10,59.5
24.5,75,51,9,65
21.3,67,48,9,69
14.8,73,42,10,47.5
12.1,83,38,9,41
6.9,85,25,10,22
12.1,81,39,9,47.5
11.9,68,51,9,69.5
8.9,66,44,10,53
6.3,64,40,12,58
12.2,69,43,12,57
13.4,70,46,12,61
11.5,65,45,9,65.5
6.2,64,49,13,62.5
8.7,72,40,10,52.5
10.3,82,37,9,40
9.9,84,36,9,42
20.5,76,51,8,58
19.3,67,44,7,57.5
15.9,64,47,12,67
7.8,65,48,14,68.5
13,67,44,10,55.5
15.4,70,47,10,60.5
15.2,73,48,9,61.5
15.9,72,50,10,65
21,76,50,9,60.5
22.1,76,53,10,63.5
19.4,73,52,10,64.5
9,68,53,13,68
4.7,63,40,15,57
7.6,61,40,10,56.5
12.5,69,45,12,58.5
18.3,70,49,9,65
25,75,52,9,69.5
33.4,73,53,10,75
32.3,67,52,8,73.5
6.3,67,51,13,67
4.7,70,30,18,40
4.9,75,32,14,29
12.2,73,46,13,53.5
15.2,74,50,10,58
18.2,81,52,8,58
21.9,79,53,7,61.5
24.3,74,53,9,68
25.2,75,50,10,61
21.4,79,49,9,55.5
16.9,77,49,9,55.5
10.1,68,49,13,64
8.3,69,47,10,61
7.5,69,41,13,48
12.5,74,47,10,56
19.2,76,50,10,56.5
24.9,73,52,8,64.5
31.7,73,53,9,66.5
26.8,73,54,9,71.5
13.8,64,53,7,74.5
10.3,69,54,9,72
18.9,74,54,10,70
18.8,78,54,9,65
16.3,73,52,13,59
11.2,71,45,9,52.5
7.5,67,42,15,49
10,70,46,13,58
9.6,72,48,12,61
8,71,52,12,69.5
6.7,69,52,8,65.5
8.7,72,47,13,54
10.6,81,47,10,46
15.7,84,54,9,55.5
17.6,79,54,9,60
20.5,75,53,10,63.5
22.8,75,53,9,60.5
32.4,77,56,9,69
33.6,77,57,7,69
40.9,81,59,7,64.5
29.8,81,59,10,69
26.1,77,59,8,72
18.6,74,58,8,70.5
14.7,75,57,10,65.5
14.1,75,56,9,65.5
15.3,74,54,9,63
19.7,75,55,9,64
20.6,75,56,9,70.5
22,79,58,10,71
25.1,81,57,8,66
20.5,78,54,9,60.5
27.5,78,56,9,65
23.7,78,55,10,67
16,78,54,8,62
14.7,79,54,10,60
15.2,75,54,10,65.5
21.2,78,55,9,62.5
22.8,78,56,8,65
23.7,80,56,6,64.5
22.8,78,57,8,63
12.9,76,56,9,67.5
21.7,79,58,9,65
24.8,78,58,10,66
17.2,73,58,8,69.5
20.1,76,59,9,71
37.4,77,58,9,69
22,77,57,8,64
16.9,77,56,10,64
18,77,55,9,62
18.6,75,57,8,67.5
10.6,72,57,8,70.5
13.2,71,55,10,69.5
16.4,70,56,8,69.5
27.6,74,57,8,67.5
32.2,81,58,8,67
22,79,59,8,66
15.1,75,57,9,67.5
14.8,86,56,10,56
17,94,57,10,50
18.5,92,58,8,51
21.3,95,59,9,50.5
21,90,59,7,54.5
22.4,87,61,7,58
20.8,86,61,9,60
22.9,80,60,8,66
19.6,78,59,9,64.5
22.5,77,59,8,66
17.8,77,58,9,66
14.9,78,57,9,67
15.7,78,57,9,64
28.3,81,57,9,66
28,79,57,8,66
21.7,80,56,8,68
23.2,84,57,9,60
24.5,80,57,8,66
30.6,80,57,9,66
28.9,80,56,9,63
26.3,79,55,9,59
13.4,78,55,10,60
19.1,77,56,9,64
23,79,56,9,62.5
21.6,78,55,9,62.5
17.3,78,56,8,64
14.5,78,56,10,67
14.9,80,56,9,66
13.5,81,56,8,64.5
17.1,83,57,7,63
22.4,93,56,8,49
15.6,94,54,8,42.5
11.6,90,56,9,47
16.1,88,56,8,55
15.2,86,55,9,54
16,91,54,8,46
19.8,98,54,0,45.5
21.8,94,55,8,42.5
19.6,90,58,7,52
18.3,87,57,8,55
16,87,54,5,57
13.6,73,52,0,60
14.6,78,55,5,59
17.5,82,54,8,56
21.1,83,56,9,62
27.4,85,57,9,60.5
23.4,83,56,7,64.5
21.1,90,56,9,53.5
21.4,86,57,5,62.5
22.4,80,57,9,60.5
17.7,73,58,7,65
12.6,73,55,8,63
8.8,78,55,9,59
12.8,79,55,9,62
16.5,74,56,8,68.5
27.6,77,55,8,67
17.2,80,55,5,61.5
14.9,83,52,7,49
14.8,81,54,9,56.5
18.3,79,55,8,65.5
31.7,78,55,8,67
37.5,81,56,8,64.5
18.7,80,56,9,65.5
20.7,80,58,8,69
26.5,72,57,7,72.5
16.9,75,54,8,59.5
15.7,83,53,9,53
18.7,94,55,8,52
16.9,98,54,8,45.5
18.6,105,52,8,40.5
14.9,113,49,4,29
18,99,57,7,36
19,92,57,8,47.5
20,94,61,8,54
18.9,90,61,8,58
21.4,90,60,8,58
24.9,80,60,9,69.5
10,68,59,6,76.5
9.1,71,52,9,62
10.8,70,55,9,66.5
14.9,75,51,10,52.5
15.6,81,52,8,54.5
17.3,88,54,8,51.5
16.2,93,54,8,46.5
24.7,88,59,6,56
38.1,82,60,8,66
33.3,80,60,8,66
50.4,77,60,9,70.5
33.6,74,59,8,71
28.4,71,60,7,74.5
13.3,68,60,5,78.5
14.5,71,57,6,69.5
16.2,74,58,7,71
8.4,69,60,7,77
12,70,57,7,72
8.8,69,55,10,71
13.3,70,56,9,78
11.1,71,58,7,74
7.7,74,55,14,60
10.5,72,45,8,51
8.3,82,33,8,38.5
6,84,27,8,26
12.7,79,44,8,55.5
7.8,68,54,9,71
13.5,68,52,7,73.5
14.5,84,51,6,59.5
10.6,90,44,10,47.5
9.2,97,42,8,30
8.9,96,43,8,31.5
12.9,88,43,8,34.5
10.6,74,52,10,60.5
13.2,69,54,9,72.5
4.4,68,48,14,59.5
9.6,68,40,9,54.5
13.1,66,46,9,58.5
11.6,74,30,12,51
9,76,29,8,31
11.4,81,30,7,28
11.2,78,35,8,37.5
17,76,45,6,54.5
31.3,70,51,6,69
48.6,71,52,7,70
31.2,69,53,8,76.5
24.8,62,50,6,70
6.6,64,52,9,76.5
9.7,61,44,13,67.5
13.4,61,41,8,61.5
11,61,43,10,70
10.2,60,41,8,65
16.5,63,32,7,46.5
11.1,68,21,7,31
15.4,62,42,9,59
4,58,31,14,57
9.6,63,23,8,34.5
12.1,67,20,6,35.5
8.7,73,21,6,33
21.8,74,33,6,45.5
34,71,41,5,50
35.5,64,44,7,57
27.7,68,46,12,56.5
17.8,68,49,8,72
13.5,77,44,6,57
16.8,73,42,7,54.5
32.4,69,48,5,69
30.2,73,52,8,72
22.7,78,51,6,66.5
6,85,44,6,41
11.9,80,46,7,58
31,60,50,7,86
21.7,61,51,7,82.5
11.7,63,49,8,72.5
12,57,52,12,83
6.2,61,56,9,92
4.8,63,57,13,95
6.7,61,54,9,91.5
7,58,53,9,89.5
7,58,53,9,89.5
8.4,61,53,8,91.5
17.7,62,50,7,78
20.3,68,48,7,70.5
24.6,62,50,7,81
10.3,63,47,7,66
13.5,67,41,7,60
15,66,44,7,62.5
9.7,57,48,14,68.5
0.9,55,18,17,33
12.3,57,25,10,44
13.8,59,26,8,39.5
10.1,52,37,9,59.5
6.3,57,42,8,74.5
5.6,64,34,6,49
6.4,67,33,7,43.5
8,70,30,7,32
22.9,63,47,7,70.5
20.1,60,46,5,71
19.1,60,45,7,71.5
16.3,63,38,6,58
6.8,72,32,6,39.5
6.5,75,36,7,43.5
12,80,41,5,45.5
10.5,82,37,7,42.5
18.2,84,49,7,52.5
26.4,82,49,6,51
32.1,70,52,7,72
9.4,75,27,3,37.5
15.8,71,43,6,58.5
19.6,67,45,6,66
8.8,58,48,12,79.5
8.7,65,45,7,68.5
16.1,63,46,9,70.5
9.9,62,29,9,44
16.4,66,41,8,64.5
28.1,67,48,5,72.5
21.8,76,49,7,63.5
10.3,79,44,7,58.5
7,69,27,3,35
7.6,75,24,8,28.5
6.9,80,24,8,24
13.5,71,38,2,52
20.4,65,47,8,66
14.6,64,53,8,75
4,62,53,1,77.5
5.6,60,37,2,58
6.6,62,46,14,66.5
3,58,43,6,70
4.9,59,40,8,71.5
12,60,39,8,65
11.2,62,40,8,64
11.8,61,41,6,66
6.1,57,47,7,77.5
2.4,56,39,7,64
5.7,58,27,2,45
10.5,66,35,3,53
10.7,63,38,8,53.5
11.5,65,46,8,65
13.1,67,52,8,83.5
17.8,75,50,7,65.5
8.1,79,39,9,43
9.4,63,51,9,77
3.2,67,43,16,57.5
8.9,70,40,12,54
7.3,85,38,7,45.5
10.3,80,45,9,48.5
12.3,71,48,8,69
14.5,66,49,9,72.5
17,68,49,12,71
15.9,72,50,9,68
11.8,76,52,10,66
11.9,70,52,6,71
11.8,71,44,7,54
11.7,68,44,10,55.5
5.6,60,47,8,65.5
7.9,62,43,13,69.5
5.8,62,43,8,65.5
5.1,62,48,12,71
6.6,59,46,8,68
3.4,64,51,9,76.5
9.2,67,49,6,70.5
13,71,51,8,69
13.4,81,53,7,65
11.1,92,51,8,50
13.4,89,54,9,56
11.1,69,55,7,76.5
5.8,67,51,10,69
9.3,79,51,8,62
13,72,52,10,67.5
12.7,71,51,10,69.5
8.1,64,48,15,65.5
3.8,58,34,10,51.5
5.7,61,37,12,53.5
8.6,68,43,7,60
11.7,71,45,10,59.5
8.9,64,45,12,56.5
12.6,76,36,9,40
16.2,85,36,12,30
11.2,91,46,10,40.5
14.1,77,55,8,65
12.1,67,54,8,71.5
10.1,70,53,10,68.5
5.9,69,53,10,72.5
6.2,68,52,10,71
7.5,69,52,9,67.5
8.5,69,49,9,63
4.5,67,52,13,71.5
7.2,70,52,10,65
9.4,77,46,10,53
12.1,85,44,9,47
12.6,79,49,14,53
9.9,74,46,10,54
7.5,80,31,9,41
3.2,83,26,9,21.5
5.9,87,27,12,25
8.8,93,33,12,33
14.2,91,45,7,40.5
20.7,84,55,9,60
18,70,52,8,71.5
7.2,67,51,12,67.5
6.1,69,46,8,58
9.3,69,48,13,63.5
12.3,73,51,12,64.5
12,76,52,10,64.5
13.6,74,54,8,64.5
9.4,67,52,8,65
4.8,66,46,14,65
5,65,43,12,55
4.3,66,49,14,72.5
6.3,67,50,10,69
12.4,70,49,9,64.5
12.8,72,52,10,73
15.1,73,53,9,69.5
10.5,70,52,9,66.5
10.1,68,50,12,64.5
10.6,71,49,10,65
11.4,75,49,10,59.5
8.4,73,52,10,67.5
10.4,75,51,10,57.5
10.6,73,51,13,63
5.5,73,45,16,53
8.5,77,51,10,58
7.3,71,49,10,63
7.2,74,51,12,60.5
11.4,70,55,8,73.5
13.7,69,54,7,73.5
15.9,69,54,9,70.5
8.4,71,54,8,70.5
11.8,73,55,8,72
17.6,76,56,9,75
18.6,78,57,9,71.5
6.3,71,56,7,73.5
6.1,72,56,8,73.5
8.8,74,53,10,65.5
9.6,69,55,7,72.5
12.1,77,57,8,69
12.5,80,58,9,70.5
15.7,77,58,8,73
15.8,79,58,7,72
14.7,77,58,8,69
16.2,77,57,9,69
13,80,57,7,67.5
14.2,82,59,8,68.5
15.4,78,59,9,70
7.4,75,56,12,70.5
8.3,81,56,9,61.5
11.1,85,58,10,63.5
15.1,84,60,7,62
15.8,81,60,9,73.5
25.6,88,59,6,68
30,89,62,9,62
11.2,84,61,9,64.5
12.6,81,61,9,70.5
12.8,79,60,8,70.5
12.6,79,58,9,67
10.4,76,58,8,69
9.5,76,56,10,68.5
7.1,74,58,8,70.5
8.4,78,56,9,65
8.8,77,56,10,72
8.5,78,57,9,72
9.2,82,57,10,63.5
11.7,86,58,9,63.5
14.6,80,59,9,72.5
17.5,78,58,9,72
13.9,78,58,8,68
13.4,79,58,9,67
9.7,77,58,8,72
10,84,57,9,60.5
11.3,84,60,7,61.5
9.9,78,58,10,64
9.9,79,60,9,68
7.6,76,59,10,72
7.4,76,59,9,72.5
8.2,82,59,9,67.5
9.7,86,57,9,59
11,85,57,5,56.5
14.1,85,56,8,63
11.4,83,56,8,66
9.9,79,58,8,70
13.2,80,57,9,70
15,80,58,8,71
17.4,81,58,7,69
18.1,80,58,9,69
13.6,77,58,9,69
10.1,76,58,8,69
13.8,76,58,9,71
13.8,78,59,9,69
11.9,78,60,9,75
18.4,82,61,7,70.5
18.1,80,61,8,73.5
15,81,60,8,73
14.2,82,60,8,72
16.2,77,60,5,73.5
11.5,79,58,8,67
11.4,79,58,9,68
9.3,79,58,8,69
11.3,83,60,9,69
9.6,82,60,8,69
11.8,90,59,10,57.5
12.3,92,59,9,55
11.5,93,60,7,53.5
11.7,87,59,8,56
12.6,85,58,5,62.5
15.3,79,59,8,69
12.5,78,57,8,70
15,77,57,7,72
15.2,76,57,8,75
11.5,76,56,8,73.5
13.5,77,56,8,68.5
16.8,88,58,10,62
17.6,96,59,9,51
14.2,92,61,0,53.5
14.9,81,59,8,63
10.7,75,57,9,67.5
7.7,78,55,9,62
10,80,57,6,67.5
11.5,80,59,9,70.5
14.7,77,60,8,76.5
16.3,70,59,7,78.5
10,74,57,8,70.5
12.4,78,58,8,72.5
15.4,74,59,7,79
27.6,78,59,10,75
25.6,83,59,8,72
16.8,79,60,9,74.5
25.8,71,59,7,80.5
16,71,56,8,72.5
17.9,75,57,8,72
20.2,84,60,8,68.5
33.9,76,61,7,73.5
24.5,79,59,8,70
13.4,74,58,12,73.5
12.4,85,56,10,62
10.8,82,55,8,58.5
7.9,78,53,9,59.5
3.9,70,55,12,67.5
6.1,64,56,10,81
7.2,69,47,8,61.5
7.8,72,48,8,59
11.1,76,46,8,53
9.7,82,47,8,50.5
16,78,53,7,61.5
14.5,99,53,7,51.5
11.8,98,49,8,41.5
16.9,84,57,8,63.5
21.6,74,58,8,73.5
12.4,75,57,7,75
20.3,81,57,7,69.5
27.8,70,55,7,73.5
24,79,56,7,73.5
39.6,75,57,8,78.5
41.7,68,55,7,77
15.3,65,55,6,75.5
10.1,68,53,9,72.5
11.8,77,43,7,54
11.1,79,35,8,44
15.9,81,38,8,40.5
21.6,84,45,8,50
25.8,73,53,7,70
15.4,82,31,8,49.5
9.1,73,38,7,43.5
4.6,63,47,13,64.5
8.7,63,39,9,60.5
8.8,61,44,15,70.5
9.3,64,42,10,66
10.7,69,38,8,50
9.2,76,30,7,38.5
9,72,34,10,31.5
6.2,64,45,15,60.5
9.1,72,48,8,63.5
14.3,67,51,8,73
18.5,66,51,8,71
30.6,67,52,8,75.5
22.8,73,51,8,68
31.5,61,50,6,75
9.3,63,48,7,71
7.5,56,49,10,83
9.6,62,46,7,78
13.4,66,47,7,66.5
12.6,62,48,7,69.5
16.8,66,47,7,70.5
12.6,82,42,6,56
7.2,82,29,8,22
10.2,81,35,6,36
16.3,80,41,5,41
21.8,69,44,17,55
7.7,67,20,23,27
12.7,64,38,10,50.5
9.1,65,21,10,37
11.5,63,24,7,35
15.8,64,28,7,42
12.1,63,25,7,39
22.8,69,38,6,54.5
14.3,70,35,8,52.5
21.5,59,43,7,71.5
13.1,53,45,10,76
9.1,62,43,8,67.5
11.9,64,40,8,55.5
14.5,63,47,6,72
15,58,47,7,77.5
17.6,64,42,7,67.5
18.7,64,43,5,68.5
18.7,64,43,5,68.5
12.5,65,31,14,48.5
12.5,65,31,14,48.5
12.2,67,22,7,31.5
12.2,67,22,7,31.5
19.9,71,21,7,34
19.9,71,21,7,34
16.5,72,26,6,41
16.5,72,26,6,41
13.6,71,29,6,47
26.2,69,37,7,53
12.5,76,32,7,50
28.3,73,42,6,56
44.1,66,47,5,76
49.3,74,46,6,63
13.5,82,40,6,48
9.1,80,46,6,58.5
9.2,79,33,6,44
8.8,86,29,5,27
9.4,82,31,7,34
19.3,73,42,5,55.5
28.2,64,49,7,80
15,69,38,7,57
7.7,74,32,8,40
15,70,38,8,61
23.3,67,41,6,60.5
15.2,75,34,6,42.5
10.7,76,17,6,34.5
14,69,23,5,36
15.5,63,39,7,55.5
11.8,59,43,7,69
9.6,59,39,8,64.5
14.5,64,41,7,59.5
21.7,62,47,8,73
10.5,63,50,12,66
11.3,62,45,7,72
9.2,54,48,12,85
8.4,68,43,7,65
10,79,40,7,45.5
10,79,45,8,51.5
10,78,42,6,51
9.3,76,28,5,37
7.7,77,18,7,24
13,69,37,8,56.5
19.1,66,48,12,68.5
23.9,67,47,8,68.5
25.5,67,47,7,67.5
10.6,72,32,7,50
2.5,72,23,8,25
7.2,73,30,6,39.5
9.8,71,34,6,47
9.5,64,43,10,57.5
8.1,75,41,7,52.5
6.5,80,39,8,45.5
11.5,71,49,8,70
6,62,51,9,76.5
4.8,63,47,7,65.5
6,59,45,14,65
8.5,61,37,10,61
9.3,57,42,12,64.5
5.1,69,31,14,50
6.1,70,31,7,47
10.1,64,46,8,70.5
9.8,62,45,7,74
13.5,62,45,7,70
10.8,74,40,8,55
14.5,79,46,8,57
32,72,51,8,71.5
25.6,64,48,9,72.5
23.7,64,47,9,72.5
7.5,57,42,13,68
7.8,58,35,8,58
8.6,59,42,9,65
6.8,62,45,8,66.5
9.3,71,37,9,54
7.3,76,24,7,29
5.7,87,26,3,24.5
10.3,81,39,7,54.5
13.8,60,45,12,62
3.7,63,20,12,41
9.6,72,25,8,40.5
8.8,82,25,8,27
11.8,74,38,7,50
10.4,65,46,6,63.5
11.5,65,46,5,69.5
10.8,63,46,9,69.5
10.9,66,48,10,72.5
14.8,64,50,7,74.5
11.1,60,51,3,77.5
3.9,56,50,5,80.5
4.2,58,38,12,69.5
6.9,60,35,10,53.5
12.1,68,39,8,53.5
14.1,74,43,10,55.5
21.5,71,48,8,63
13.5,66,49,8,68.5
10,67,47,7,65.5
5.6,58,48,15,77.5
4,64,46,9,72.5
6.7,65,44,9,65
6.8,68,48,10,72.5
21.3,68,52,9,77.5
32.2,68,52,9,78
13.3,64,51,8,79
4.3,68,36,16,57
8.1,79,34,7,37
11.4,77,41,8,47.5
10.9,72,47,8,60
10.2,67,46,10,61.5
9.2,72,33,8,40
10,84,22,8,30
13.5,81,35,8,48
14,78,42,10,55
11.3,70,46,9,66.5
3.3,63,50,12,76.5
4.8,65,46,10,67
4.2,57,49,13,81
4.8,62,40,10,61
8.6,67,46,9,64
10.5,77,48,8,61
11,81,48,9,55.5
12.9,76,52,10,63.5
16.7,73,54,7,75
20.6,81,55,8,69
31.7,75,56,8,74
25.9,69,55,9,77
5.6,62,52,7,79
7.6,85,54,14,63
4.2,68,55,10,78
7.6,71,50,10,65
11.5,77,51,9,63.5
13.5,76,55,6,71
14.8,69,55,8,77
6.6,62,55,6,82.5
7.6,65,53,6,74.5
7.1,68,51,10,69
10.5,69,53,9,75
10.9,74,53,9,73
13.7,74,55,10,70
17.6,75,55,8,70
19.1,71,55,8,77
15.7,80,56,9,69
17,74,55,8,70.5
18.2,73,52,9,67.5
16.1,71,54,9,71.5
12.7,70,54,10,73.5
13.6,76,53,9,65.5
12.1,73,52,9,64
20.3,81,54,8,63
19.7,77,56,8,72
19.5,71,53,9,65.5
21.9,73,55,9,70.5
23.6,76,56,8,70.5
20.2,79,56,7,70.5
21.9,77,57,8,70.5
11.9,73,55,10,65.5
12.6,73,55,8,68.5
8.6,66,51,10,65
7.4,67,46,8,58.5
10.1,72,50,9,63.5
13.4,78,52,9,61
15.9,79,55,9,64.5
11.4,74,54,7,69.5
15.6,78,56,8,68.5
18.8,77,58,8,73.5
15.9,74,56,9,70.5
11.3,74,56,8,65.5
9.7,70,56,10,72.5
8.1,75,49,12,53.5
12,75,50,10,59
14.3,77,57,10,70
13.4,73,55,8,70.5
13.3,76,54,10,65.5
13,74,56,8,68.5
11.2,73,57,9,73.5
10.8,73,56,9,70.5
11,73,55,8,67.5
10.9,75,57,9,70.5
9.7,77,58,8,74
13.3,73,57,10,75.5
9.4,74,56,9,71.5
10.9,73,56,8,68.5
11.5,74,56,9,70.5
11.1,74,56,9,68.5
8.2,74,55,9,68.5
7,80,53,9,63
7.8,79,51,9,60.5
8.9,80,52,9,58
10.4,82,54,9,57
11.2,79,57,9,67.5
11,79,56,9,68.5
13.4,78,58,9,70
11.3,76,58,8,69
25,73,58,7,69.5
21.6,74,57,8,75
9.4,76,57,8,73.5
8.4,74,57,8,73
8.5,76,55,8,68
12.9,82,56,8,64.5
14,85,57,8,64.5
18.1,87,58,9,66
13.9,85,62,8,64.5
18,83,60,8,74
13.5,79,57,8,68.5
8.1,75,55,12,63.5
5.8,77,55,10,65
8.2,79,57,9,64.5
12,92,57,8,54
11.2,86,58,9,60
14.1,83,60,9,67.5
13.3,80,60,8,70.5
11.8,77,59,8,75
11.1,78,57,8,70
10.3,78,56,8,70
11.7,76,56,9,67
11.5,77,55,9,67
10.1,79,56,8,66.5
11,79,58,8,69
12.4,79,59,8,72
13.2,82,60,7,70.5
11.4,80,60,8,67.5
12.2,82,59,8,63.5
11.3,78,59,8,70.5
10.2,79,60,8,70.5
7.7,79,59,9,70
11.7,86,60,9,65.5
15.4,91,60,9,59.5
14.6,89,60,8,60.5
15.3,90,59,8,56
14.9,89,61,8,56.5
15.9,92,63,8,55.5
12.3,92,59,8,51
11.9,90,62,8,62
10.3,88,61,9,60
10.8,84,61,8,67
14.6,89,57,7,54
13.4,93,57,8,49
12.2,94,59,9,50.5
9.8,91,58,8,50
12.8,90,63,9,62
8.6,83,63,8,70.5
10.3,79,63,9,75.5
10.3,82,62,9,70.5
8.7,79,58,9,66
9.2,86,55,9,56.5
10.7,90,57,8,55.5
12.2,92,63,8,57.5
13.6,90,62,8,50
12.8,91,57,9,50
11.6,84,57,8,50.5
9.1,88,58,9,56
12.6,88,60,8,62.5
13.5,90,61,7,58
13.4,89,64,8,61
12.1,80,64,9,73
6.3,80,64,10,74.5
10.9,100,56,3,51.5
11.2,103,49,9,37
13.6,88,63,7,59.5
14.6,82,62,8,66.5
16.2,89,59,8,60.5
16.8,91,61,8,59.5
17.7,90,61,7,59
16,94,60,8,57.5
10.6,84,59,8,61.5
11.3,79,58,8,70
12.1,78,59,9,71.5
12.5,76,58,8,70
15.8,77,59,9,70
14.3,79,59,9,72.5
10.9,80,61,8,69.5
10.5,77,59,8,70.5
8.6,76,57,8,68
5.8,75,55,9,66.5
7,75,52,9,62.5
7.1,72,51,12,65
9.8,77,54,8,62.5
11,86,53,0,55.5
10.5,99,48,5,99
12.4,91,54,9,48.5
15.6,97,50,6,49.5
6,81,61,9,67
9.2,79,62,9,75.5
6.2,73,60,8,73.5
4.2,74,59,8,72
6.3,72,55,8,67.5
5.7,71,53,6,58.5
5,75,43,13,48.5
6.2,85,36,10,26.5
7.8,86,33,5,33.5
7.7,91,29,8,24
9.6,89,38,7,36.5
14.9,84,46,8,54
19.2,76,54,7,67.5
26.9,71,54,7,73
28.9,70,53,8,69.5
21.5,71,53,8,69
18.3,77,55,6,69.5
11.8,90,41,9,48.5
9,94,34,9,26.5
14.2,84,50,7,59.5
36.4,71,56,8,75.5
11.5,68,55,9,74
3.4,65,42,12,57
4.9,64,31,14,49.5
6.4,67,24,7,32
9,74,23,8,33.5
9,84,16,6,15
15,80,31,7,42.5
19.8,68,49,7,61.5
8.5,71,50,8,61.5
6.9,68,58,9,81.5
6.3,70,56,9,76
8,70,52,8,73
9.7,72,51,7,66.5
29.1,73,53,7,68.5
31.8,78,51,7,70.5
10.7,86,48,9,56.5
23.3,71,54,7,78.5
29.8,68,52,6,72
25.6,70,51,9,71
24.9,68,53,7,71
14.3,64,57,9,88.5
7.5,66,61,7,93.5
4.6,67,59,7,85
3.3,66,58,7,82.5
6.2,69,58,10,81.5
17.2,68,55,7,78
28.7,66,53,6,83.5
32.6,68,53,7,75.5
39.1,68,53,6,81.5
44,67,53,6,81.5
58.7,68,52,6,72.5
18.5,74,46,6,59
18.2,72,48,5,61
14.2,62,50,8,70.5
4.9,62,47,7,71
5.6,59,38,8,63
4.8,62,38,10,58.5
6.4,55,48,8,71.5
5.2,64,51,7,74.5
3.9,63,51,10,60.5
6.3,63,17,4,26
7,67,16,8,26.5
11.1,66,27,7,46
11.1,66,27,7,46
14.9,63,43,8,66
14.9,63,43,8,66
13.3,65,49,8,72.5
8.6,64,52,10,73.5
15.3,62,45,6,64.5
8.4,63,46,10,73
2.9,63,31,10,39.5
11.9,53,39,9,67
8.3,59,35,9,66
16.1,60,36,6,59
27.8,61,31,7,49
17,65,31,7,48.5
14.9,71,25,7,43.5
13.5,68,22,7,39.5
19.7,67,27,7,44.5
17,59,44,10,74
15.5,69,35,10,54
22.5,73,39,7,50
27.9,69,45,7,60.5
12.3,59,38,12,55
4,56,21,12,34.5
9.6,57,21,9,33.5
13.9,58,21,10,35.5
13.4,58,15,7,37
12.2,61,21,9,41.5
16.4,69,32,7,43
18.5,78,25,5,42.5
12.9,79,18,7,19.5
11.8,79,18,5,21
10.2,81,14,7,24.5
11.3,81,20,8,23
12.7,81,16,8,20.5
11.7,78,31,8,31
13.5,66,53,12,75.5
14.8,67,56,9,80.5
15.9,68,55,8,76
10.2,62,49,8,70.5
5.6,61,26,10,30.5
13.4,61,30,6,45.5
22,70,40,5,50
16.3,78,41,7,49
19,76,41,12,49
13.2,75,41,9,47.5
10.7,77,45,9,52
29.9,70,50,8,72
54.8,60,49,7,82.5
38.5,64,47,8,68.5
32.4,61,46,7,76.5
6.6,55,39,10,65.5
15,59,36,7,64
16,58,39,5,61.5
16.5,63,36,10,50.5
15,65,32,8,45.5
23.1,69,38,8,55.5
25.5,75,41,8,56
13.7,81,29,8,46
9.7,82,20,9,24.5
15.9,70,43,8,58
20.1,64,44,9,62.5
9.3,57,42,10,62.5
4.6,61,29,15,54.5
11.9,62,36,9,50
15.5,68,36,10,54.5
18.1,64,40,8,60
14.4,68,33,9,53.5
12.6,71,27,10,42.5
18.9,74,35,8,47.5
11.7,76,25,8,33.5
11.3,80,23,9,36.5
11.5,85,24,9,33
13.8,84,30,7,40.5
22.9,71,50,7,63
21.7,68,50,8,69
25.3,65,48,10,69.5
10.4,63,45,8,63
10,64,48,8,69.5
8.5,60,43,12,71.5
15.9,65,44,9,62.5
17.5,71,43,9,54
23,77,42,8,50.5
29.7,76,46,7,59
18.5,85,48,8,56.5
27.2,77,51,8,69
48,77,52,6,71.5
40,68,50,10,72.5
33,66,49,7,70.5
28.8,66,49,9,71
38.2,67,50,9,75.5
31.4,69,50,8,70.5
18.5,72,50,9,65
22.8,72,50,10,63.5
25.2,72,50,9,62
35.4,77,51,8,63
37.5,75,52,5,70.5
37.5,71,51,9,73
23.2,71,50,9,64
28.5,73,52,9,66.5
31.8,72,53,9,73
22.7,71,52,9,72
12.9,67,53,8,76.5
11.4,67,50,12,74.5
18.6,71,51,9,71
28.9,76,53,10,69.5
32.2,69,53,9,71
17.3,70,53,14,72
18.7,71,52,10,69.5
19.6,73,52,9,69
7.6,76,25,15,23.5
13.8,80,37,9,45
17.3,76,47,9,48
23.1,70,50,8,69.5
23.4,64,52,5,74.5
10.4,65,49,7,64.5
12,65,49,8,71
10.8,67,35,16,43.5
6.5,76,23,16,21
9.8,78,24,12,26.5
12,84,25,9,35.5
22,84,47,9,47
25.4,80,52,8,57.5
29.1,72,52,9,66.5
19.8,73,50,10,59.5
22.5,63,52,8,70
14,71,48,12,58.5
15.5,74,50,10,63.5
22.4,72,53,9,73
30.2,74,54,8,69.5
27.1,74,54,8,69.5
20.5,68,52,9,68
15.7,75,53,10,65
18,88,46,9,52
17,93,28,10,32
23.8,74,53,9,69.5
17.9,67,50,13,66
13,67,54,8,74.5
13,71,50,10,60
13.8,70,50,10,62
18.3,73,52,9,64.5
25.7,75,56,9,68.5
33,85,57,10,63.5
29.2,84,58,8,66.5
22.5,93,55,9,50.5
19.3,76,54,10,63.5
22.5,74,53,9,64.5
23.8,71,54,9,66.5
26.8,75,54,9,65
22.1,72,51,10,60.5
24.2,73,52,10,64
21.3,72,52,9,67
19.8,73,53,10,64.5
15.5,75,54,9,67
15.6,77,56,12,65
17.3,78,57,13,62
24.2,80,58,10,66
26.9,78,58,9,67
34.4,80,59,8,72
26.7,76,58,9,67.5
18.5,75,56,9,65.5
15.9,73,55,9,67.5
17.3,72,55,10,72.5
21.2,72,57,9,75
21.7,71,57,8,72.5
25.2,75,57,7,67.5
18.6,76,56,9,66
13.1,76,55,5,60.5
12,80,58,9,64.5
20,72,58,9,78
23,76,57,8,69
21.2,77,57,8,70
22.6,76,55,9,65
22,79,55,9,66.5
24.5,76,57,9,70
21.2,79,57,9,64.5
14.6,75,54,10,60.5
19.3,78,55,10,60
20.7,81,58,8,63
20.3,79,57,9,65
20.4,75,57,8,68.5
13.4,74,57,8,70
12.1,74,59,8,74
14.5,82,61,8,71
18.6,90,62,7,64
20.6,87,61,9,66.5
19.5,90,61,9,60.5
22.8,94,62,9,58
22.3,92,64,8,64
24.5,83,63,8,68
16.6,83,62,8,72
29.9,82,61,8,72
42.5,80,61,14,69.5
19.4,81,61,9,67.5
24.1,77,61,9,73.5
20.3,83,59,9,69
23.2,87,61,7,65.5
21.7,83,62,7,62
23,76,64,6,77
24.5,85,62,8,70.5
28.3,81,60,9,70.5
23.1,84,59,8,67.5
19.1,83,58,10,63.5
13.4,82,55,10,60
12.2,85,54,9,56
17.7,83,58,9,67.5
22.3,80,59,9,71
26.2,80,60,9,67.5
22,75,61,5,72.5
23.3,83,62,9,69
13.1,79,60,10,68.5
13.2,77,58,9,73.5
15.1,79,59,9,72
20.1,80,60,7,70.5
16.7,79,58,8,72
19.7,76,58,9,75.5
19.9,77,56,8,67
15,76,57,9,67
19.2,73,56,9,70.5
21.7,74,57,8,68.5
23.4,76,58,7,69
26.8,78,58,5,69
24.2,76,58,5,69
24.2,79,57,6,68
21.2,77,56,8,70
19.7,78,57,9,67
12,79,57,9,69
16.9,78,57,9,70
21,77,57,9,67
19.5,79,57,9,68.5
20.3,79,58,8,68.5
29,81,59,8,71
36.2,82,60,8,67
33.2,83,61,8,67
31.6,85,60,9,67
20.2,81,59,9,67.5
24.1,80,60,7,71
25.1,80,61,9,70.5
21.7,78,59,8,70
16.2,86,57,8,60
20.8,80,58,8,71
21.9,80,57,7,67.5
15.6,89,55,8,55.5
15.2,87,58,8,55
16.2,89,57,10,58
15,96,58,9,55
14.7,95,63,8,53
14.5,89,64,10,60.5
11,86,65,9,69.5
13.3,85,65,9,74
15,92,64,9,64
15.2,92,62,9,54.5
21,93,61,9,53.5
18.5,95,60,9,53
18.3,95,60,8,54.5
18.8,84,60,8,67
16,77,59,9,75
20.5,77,58,10,72
16.4,77,58,8,72
17.7,80,59,9,67.5
17.2,82,59,8,67.5
21,84,60,8,67.5
21.7,89,60,10,63.5
21.6,87,59,8,62
27.1,80,60,8,73.5
22.8,79,58,8,70
27.7,79,60,8,72
28,72,60,6,74.5
17.6,76,57,9,65.5
8.1,76,54,9,61
11.9,91,48,8,44.5
13,85,51,9,48
14.8,77,58,9,67.5
10.7,77,46,15,46.5
10.6,83,42,10,41.5
9.7,89,35,10,32.5
10.7,87,44,8,46.5
15.9,83,53,8,57.5
17.7,82,58,8,64.5
18,76,57,8,67
19.9,74,57,8,70.5
22.9,87,55,8,52
10.4,91,35,9,39.5
7.1,93,30,10,29
13.5,85,47,8,50
20.1,75,55,10,69.5
10,64,50,12,60
12.9,70,47,8,59.5
18,74,50,8,62.5
19.2,76,54,10,70
18,72,53,9,67.5
17.3,82,52,7,59.5
10.2,87,37,9,34.5
10.7,86,32,9,28.5
11.6,84,38,9,46
18.8,83,49,8,53.5
18.7,84,52,9,53.5
29.3,76,55,8,69.5
42.3,75,55,8,71
29.3,72,54,8,75
32,69,55,8,74
33,70,54,8,71.5
34.7,71,55,9,75.5
41,76,56,7,75
36.4,73,56,7,80.5
8,67,49,9,67.5
8.2,68,48,10,64
13.5,71,48,8,61.5
11.9,80,43,8,49
11.7,86,38,7,42.5
11.5,84,45,8,52
17.5,71,53,9,68.5
14.7,69,52,6,70
17.8,77,43,7,56
9.8,82,30,6,36.5
7.8,86,29,6,31.5
15.8,79,47,5,64
29.8,77,53,7,63
25.5,83,46,10,50.5
24.8,77,47,8,55.5
22.8,76,48,6,58.5
10.3,92,37,6,37.5
11.5,91,39,8,41
25,69,55,8,74.5
15.5,69,50,7,65.5
17.6,69,51,9,69
19,68,52,7,73.5
12,67,51,7,68
16.6,65,54,7,75
8.2,65,55,8,80
10,67,45,6,63
9.2,67,42,8,60
10.8,68,42,9,57
15.6,72,44,6,58
14.9,76,41,7,49
10.6,75,38,9,39
13.4,70,43,7,57
20.7,63,52,8,80
12.1,74,48,7,65.5
9.7,80,38,6,45
10,74,37,7,43
18.3,66,49,8,74.5
7.5,63,30,9,49.5
10.7,61,34,9,50
13,60,37,7,61.5
13,59,40,9,62.5
12.5,57,31,7,52
14,62,22,8,34.5
11.1,66,13,6,25
6.2,73,17,7,28
18.2,69,40,7,55.5
32,65,44,7,64.5
23.3,74,35,6,54
12.2,80,27,5,35
7.6,85,30,9,31.5
17.3,82,38,7,39.5
21.7,71,51,8,63
11.7,57,47,10,77
17.7,65,43,7,68
22.3,61,45,7,72
22.3,61,45,7,72
35.6,69,47,7,66.5
17.8,75,40,6,58
11.4,79,37,6,40.5
15.7,82,32,6,41.5
10.2,80,23,6,28.5
9.6,85,21,8,25
14,73,40,6,54.5
17.3,76,36,6,54.5
15,75,26,7,43
27.7,72,37,6,53
65,71,44,5,61
12.6,81,34,6,45
28,72,46,6,60
42.4,69,48,6,66
21.7,77,33,6,54
8.1,78,19,7,22.5
16,69,30,6,42.5
31.5,68,47,8,64
44,63,50,9,80
43.3,70,47,5,67.5
31.4,73,49,8,65
41.3,71,49,7,65.5
13.1,80,28,5,42
11.1,82,26,0,27.5
12.6,85,29,0,33
14,85,27,0,27
15.9,85,22,8,22
19,84,26,7,33
18.6,80,32,5,34.5
20.8,81,38,6,44.5
12.2,78,32,5,45
24.3,77,46,7,56.5
33.4,72,48,6,63.5
20.9,73,41,6,51.5
19.1,77,45,8,53.5
23.8,69,48,8,66
23.7,69,50,8,70.5
33.6,70,50,6,70
45.1,70,53,6,76.5
32.3,63,51,6,75.5
6.9,65,40,12,54.5
6.2,66,22,8,26.5
6.6,63,35,10,52
6,63,41,12,64
11.2,63,41,7,63
14.1,64,43,9,58.5
18,60,48,8,75.5
17.1,63,49,7,76.5
17.2,80,42,8,70.5
41.7,78,48,8,57.5
33.2,75,53,6,69.5
24.9,71,51,8,70
32.5,68,50,9,69.5
29.3,66,51,12,78
24.2,82,45,8,52.5
19.8,79,39,8,44
27.9,76,47,7,56
31.2,73,50,7,62
33.3,73,51,8,63.5
25.3,71,50,10,62
11.1,67,50,8,66
6.7,71,54,10,66.5
7.2,62,55,13,84
9.1,61,51,12,85
9.2,62,51,7,77
14.4,68,51,9,74
22.2,69,53,8,75.5
26,72,54,9,73
20.2,72,55,8,75
16.9,71,53,10,65
11.1,81,41,9,49.5
6.7,84,28,13,32
10,80,38,12,45.5
15.1,78,46,7,53
16,80,48,10,48
14.8,71,51,7,65
23,71,52,8,71
19.2,81,50,9,61.5
15,90,41,9,41.5
17.8,74,51,12,60.5
19.3,75,52,10,62.5
21.6,79,52,8,54.5
21.2,73,53,10,71
20.1,67,50,8,69
17,68,49,9,66.5
19.9,69,51,10,70.5
28.9,66,53,8,74.5
25.8,65,52,8,71.5
7.4,66,51,15,69
12.3,69,47,12,66
14.9,71,49,12,62
17.9,76,50,10,60.5
8.2,72,47,13,56
10.4,68,48,13,65.5
7,63,46,14,66
6.4,62,44,15,69.5
10.7,68,44,10,58.5
11.6,65,46,12,60
12.7,67,45,12,53
14.8,78,43,12,53
14.9,85,42,9,44.5
17.4,88,42,9,40.5
16,89,46,9,47.5
26.5,81,49,7,63
24.7,79,51,9,55.5
21,67,49,9,68
19,67,49,8,65.5
21.3,77,48,8,55.5
26.5,72,53,9,71
28.7,73,52,9,69.5
27,71,53,9,66.5
18.5,73,52,10,60.5
22.1,72,53,10,66.5
23.9,75,55,9,70
29.7,76,55,9,66.5
21.7,69,51,13,64.5
17.8,71,47,10,52.5
19.4,79,48,9,54.5
18.5,71,53,10,68.5
9.7,68,43,12,60
15,71,47,9,56
16.2,77,49,9,54.5
17.8,92,38,10,43.5
17.8,91,28,10,25.5
15.2,92,30,13,25.5
17.5,96,38,10,32.5
20.7,89,47,9,42.5
18.2,81,51,8,51.5
16.3,72,52,13,64.5
13,68,45,13,57
16.5,68,47,12,58
18.7,71,48,12,60
19.4,72,51,9,66
19.4,72,51,12,59.5
15.5,86,34,17,39
10.7,90,30,14,30
12.5,94,29,10,21
13.6,99,29,9,20.5
12.2,102,30,12,18
24.2,95,44,9,36
31.3,85,56,7,55
22.4,75,56,9,65.5
18.9,74,53,10,63.5
11.3,70,50,13,61
14.5,71,51,8,62.5
16.8,71,53,7,69.5
17.1,70,54,10,67.5
21.9,69,55,7,69.5
19.3,75,57,9,69
25.5,79,59,9,71
30.2,80,60,10,72
29.5,79,59,8,69.5
23.4,78,57,9,66
31.5,78,56,10,68
28.5,80,55,6,61
22.9,80,56,9,63.5
23.4,75,55,9,71.5
20.6,79,53,6,60
19.6,78,54,10,62.5
28,78,56,10,68.5
27,75,56,9,71.5
28,74,56,9,70.5
30.1,77,57,9,69
32.8,76,58,10,75
24,74,58,8,72.5
18.7,76,57,12,65
20.2,74,56,9,70.5
23.8,73,56,10,71.5
27.3,75,56,12,71.5
23.2,74,56,9,70.5
22.1,73,54,5,67.5
18.4,78,54,9,63.5
21,77,54,8,62.5
22.5,76,56,9,65.5
28,80,58,10,67.5
23.9,81,60,9,69.5
25.6,77,58,9,70.5
24.4,77,58,10,69
27.9,79,59,8,70.5
29.5,76,60,8,76.5
23.9,76,60,10,75.5
18.3,78,60,10,71.5
23.2,80,62,9,70.5
23.3,79,62,9,72.5
24.8,77,61,6,75.5
23.2,77,62,10,80.5
25.5,77,61,9,80
33.4,81,62,12,79
45.7,82,63,9,77
56.4,86,60,10,65
20,81,61,9,69.5
19.1,89,62,8,66
22.4,86,63,8,63
22.6,82,62,9,66
21,85,61,10,66
16.4,80,60,13,67.5
16.2,82,61,9,67.5
18.7,82,61,8,66
21.2,80,63,8,71.5
20.7,82,63,12,68
15.6,81,61,12,67.5
12.7,80,58,10,63
25.7,86,64,10,67.5
21.1,84,62,9,64.5
19.3,88,59,10,54
22.7,88,61,8,53.5
21.3,90,62,9,60.5
21.4,87,62,9,66.5
22.7,85,63,7,69
27.5,90,64,9,65.5
23.7,85,66,8,71
19.2,87,63,9,66
15.2,82,58,10,64.5
17.2,77,58,10,69
17.1,81,59,12,64.5
23.2,82,61,10,67
27.1,82,62,9,66
24.2,85,62,8,65
19.2,85,62,12,72
16.2,81,61,10,70.5
21,83,62,8,69
17.9,89,59,8,59.5
16.2,90,58,10,59.5
17,89,59,9,58.5
19.4,86,61,9,67.5
15.7,82,61,9,63.5
15.6,84,59,9,58
15.1,80,61,9,69.5
16.1,81,63,9,72.5
17.3,85,61,10,62
16,83,59,10,61.5
16,80,60,8,70.5
21.5,84,60,9,61.5
17.3,91,56,10,55
17.4,91,53,9,42
22.5,90,61,9,60.5
22.2,89,63,9,65
20.7,87,65,9,66
23.4,85,64,7,63.5
21.7,84,63,9,65.5
21,83,62,10,67.5
21.5,80,61,9,70.5
23,83,62,8,70.5
25.7,86,62,9,63.5
23,92,60,8,56
22,88,61,7,55
19,91,59,12,52
19.6,87,58,9,60.5
20.2,89,59,9,56
24.6,91,62,10,62.5
26,94,62,12,54
23.7,98,62,9,53
27.7,94,62,9,53.5
22.2,103,60,9,43.5
20.5,96,60,9,45
14.1,81,61,10,66
14.5,82,61,9,69
15.6,78,61,8,71.5
15.2,79,61,9,72.5
18,80,62,9,74.5
21,84,61,8,67.5
17.7,88,57,10,60.5
15.9,85,59,10,52.5
13.9,83,60,10,68.5
14.2,77,57,10,63.5
14.3,79,57,9,60.5
16.3,78,57,10,66
19.5,85,57,9,60.5
22,82,61,9,67
15,98,45,10,48.5
11,98,35,9,30.5
12.9,97,41,9,36.5
18,95,52,7,49
19.6,92,55,8,50.5
19.6,93,55,8,53.5
20.2,87,59,9,57
18.3,80,60,8,68.5
24.2,79,61,8,70.5
27.9,81,62,8,70.5
31.7,81,62,8,70.5
31.7,82,62,9,69
28,76,60,8,72
10,78,56,12,62
13,78,56,9,65.5
16.2,77,59,9,69
20.1,79,60,8,72
23.1,78,60,9,67
19.1,84,58,8,61.5
28.1,85,56,7,62
26.3,88,52,7,52
14.3,80,56,9,64
12.9,78,57,9,67
16.3,77,56,8,65
18.5,78,55,8,61.5
16.5,85,54,8,57.5
17.5,81,57,12,61
17.1,71,57,7,73.5
5.7,67,53,10,70.5
9.2,70,45,8,61
11.6,77,40,9,35.5
12.3,77,34,7,37.5
22,85,33,8,38.5
23.5,90,37,7,32.5
10.4,89,38,8,33
14.1,89,44,7,48
25.2,77,57,8,75.5
28,70,54,7,67.5
13,69,53,7,63.5
8.2,70,53,8,68.5
16.1,70,54,9,70.5
20.5,73,57,8,71.5
18.2,72,55,9,74.5
18.1,74,42,7,54
9.2,76,23,8,26
9.5,77,28,8,38
14.5,74,44,9,53.5
14.4,70,51,10,62.5
9.4,73,49,7,63
12,73,48,8,62.5
13.8,80,37,8,47
7.5,80,23,7,23
8.7,80,26,8,35
14.1,85,29,7,35.5
11.4,89,30,7,32
17.6,81,39,7,47.5
20.5,74,50,8,62
13.6,66,55,12,75
14.7,69,55,7,76
9.6,66,54,14,69
20,69,55,7,74
19.8,71,55,7,75
14.6,76,50,7,59.5
12.1,78,49,9,58
13.4,76,49,8,60
30.4,73,53,6,67
28.4,67,54,12,74
8,65,53,16,76.5
12.4,66,43,9,66.5
14.7,66,44,7,63.5
17.7,65,44,9,64
17.1,60,51,8,80
10.4,65,48,8,70.5
14.6,62,46,7,70.5
19.7,66,47,7,64
29.5,64,48,5,71
40.8,68,50,4,69.5
40.8,68,50,4,69.5
31.2,75,51,6,65
31.2,75,51,6,65
21,83,47,4,58
21,83,47,4,58
14.1,75,44,7,52.5
14.1,75,44,7,52.5
6.8,65,28,15,48
8.5,63,22,6,34.5
11.7,63,27,7,39
13.5,63,29,7,48
20.3,63,39,8,62
21.5,56,40,14,66
11,57,16,12,35.5
23.3,59,29,7,52.5
17.7,61,36,6,57.5
20.9,63,40,7,64.5
23.7,69,40,7,58
7.8,81,29,7,30
5.4,84,28,7,21
8.2,85,36,7,36.5
19.1,75,46,8,53
29.4,72,51,7,60.5
28.7,63,52,6,76.5
18.1,63,55,8,85.5
25.4,66,53,8,78
28.5,68,52,8,70.5
8.2,73,41,9,51.5
6.4,76,33,9,36
6.6,77,35,6,46.5
14.7,78,38,8,44
21.8,75,45,7,57.5
31.1,72,50,6,64
45.2,63,52,8,86
53.8,71,50,6,63.5
9.7,75,33,7,47.5
7.3,75,25,7,28.5
9.6,82,31,8,31
9.3,83,33,6,38
7.3,80,40,10,46.5
8.1,74,52,7,63.5
7.5,75,48,6,55
7.5,75,45,6,44.5
6.8,70,52,10,65.5
14.8,71,54,8,70
11.7,76,48,8,60
17.3,78,46,7,54.5
38,72,53,6,75.5
56.4,72,53,6,71
44.4,82,52,9,62.5
38.7,75,52,8,62
27.7,69,54,8,71
13.5,77,58,9,70
6.1,73,56,9,68.5
12,78,46,7,53.5
13.8,85,31,6,30.5
14.8,80,46,8,54
31,70,54,7,76
29.8,71,52,8,69.5
44,72,54,7,73
34,70,52,9,70
12.7,69,50,9,64
6.2,64,51,9,74.5
4.6,65,46,9,70.5
5.9,74,35,12,47.5
8.7,72,42,8,48
14.8,70,49,5,66
9.8,66,52,6,67
2.2,65,47,9,63.5
2,65,47,12,72.5
2.8,63,46,9,70.5
4.5,67,44,10,58.5
6.3,72,41,9,52
6.5,77,29,9,36
7.7,83,30,6,30
9.2,86,33,12,35
12.4,78,47,10,59
23.8,73,54,8,71
24.9,80,54,8,62.5
15.3,73,53,6,60.5
6.9,92,41,10,38
11.7,91,46,9,48.5
14.3,81,57,8,66
15.9,78,57,7,75
19.3,78,56,9,71.5
24.3,73,55,8,75
12.7,74,52,10,61
11.7,75,47,12,58
9.3,86,31,10,43.5
10.2,84,34,9,40
12.3,71,50,9,60
5.6,67,43,9,58.5
5.6,70,42,13,56
9.1,71,50,10,67
8.3,72,49,10,61.5
8.6,77,54,9,68
13.4,75,55,10,71.5
15,73,52,10,55
12.9,80,45,9,48
9.4,81,30,13,32.5
9.9,81,33,14,33.5
12.6,81,45,9,49
14.8,75,52,9,67.5
13.4,70,51,8,68.5
10.2,67,48,7,64
9.2,69,51,8,66.5
7.4,69,51,10,67.5
6.7,67,52,7,72
7.7,66,52,14,69
9.4,77,48,12,53.5
9.5,82,45,12,49.5
9,92,41,10,35
13.8,89,49,10,49.5
15.6,86,53,8,52
15.6,84,52,9,59.5
16,80,51,10,59
13.5,74,52,10,66.5
8.8,69,51,9,70.5
8.5,67,49,8,64.5
9.1,67,49,9,66
10.1,65,49,9,67.5
9.3,63,48,9,69
13.9,69,51,9,69
13.6,72,52,9,70
14.1,76,54,9,67.5
12.3,72,52,9,65.5
12.2,69,49,9,61
6.2,68,51,8,70.5
6.5,66,50,13,67.5
8.2,71,52,8,69
9.7,72,53,9,66.5
6.8,71,52,9,66.5
7.5,73,51,8,65.5
8.8,72,51,10,66.5
6.3,71,51,9,67.5
5.3,69,51,10,69
5.9,71,52,10,66.5
8.5,70,51,10,64
10.2,71,54,9,71.5
13.6,72,54,19,66.5
12.5,75,55,9,70
17.3,77,56,8,70.5
21.7,77,57,9,75
15.9,73,56,8,75.5
13.6,75,55,10,70
7.8,76,57,8,69
8,74,56,9,68.5
10,70,55,7,70.5
8.4,73,53,10,65.5
7.1,72,55,9,72.5
7.9,77,57,10,69
13,85,59,9,67
8.3,86,59,9,63.5
10.4,73,61,9,77.5
9.2,75,61,8,78.5
12.8,72,60,7,80.5
7.5,72,60,7,80.5
10.1,77,60,9,75
12.6,78,60,9,74.5
19,79,60,8,74.5
21.9,78,60,8,76.5
18.5,81,59,9,70.5
19,82,58,9,67.5
19.5,85,60,10,63.5
19.1,82,61,9,70.5
14.3,83,57,8,67.5
14.6,84,58,10,66
17.7,83,58,12,65.5
17.1,81,60,8,72
12.2,78,59,10,76.5
10.1,77,59,9,75
10.7,86,60,9,62.5
11.4,91,60,8,57
11.8,89,60,12,54
11.9,84,62,8,65.5
8.8,83,62,12,64
10.6,80,61,9,70.5
16.9,79,59,8,72
17.7,75,59,8,72
10,75,60,8,74
11,77,60,8,72
7.8,75,59,8,71
9.1,76,57,9,66.5
5,76,56,12,63.5
4.6,79,59,9,71
5.5,81,58,9,67
8.3,84,59,9,64
10.3,84,60,9,66.5
10.2,81,59,10,66
10.7,81,60,10,69.5
10,81,60,8,70.5
11.7,87,62,9,60
9.9,92,67,13,62.5
6.4,85,66,12,72.5
5.1,80,66,9,74
3.3,81,65,10,74
1.9,82,64,8,72.5
9.3,85,64,10,72
11.1,87,63,10,66
10.4,85,63,9,65.5
10.9,82,61,8,66
14.3,85,63,10,67.5
13.2,82,63,9,73.5
13.7,83,64,9,71
14.9,84,65,9,71
13.4,83,63,9,73.5
13.1,84,63,9,71
14.7,84,63,9,71
12.8,88,61,10,60.5
10.9,88,60,10,58
10.2,81,58,10,63
10.7,78,59,10,69.5
9,78,59,9,71.5
9.2,85,60,9,63.5
11.9,91,60,8,56
11.6,91,59,8,51.5
14.1,96,60,8,49
15.3,95,60,10,54.5
17.9,88,64,9,67
16.8,86,63,8,63
15.7,82,62,8,66
15.6,81,61,9,66
15.6,80,61,8,67.5
17.6,83,62,10,66
12.6,83,63,10,70.5
15,87,63,9,69
16,87,64,9,62
19.6,92,65,9,60
18,93,63,9,59
15,97,62,9,53
11.7,94,64,9,57.5
9.5,90,64,8,62.5
13.4,85,63,9,65.5
11.7,83,60,8,58
9.5,81,60,9,67.5
8.9,80,57,9,61.5
8.5,79,56,9,58
11.1,85,59,8,60.5
13,90,59,9,58.5
11.4,94,58,8,54.5
9.5,97,60,10,49
12.3,101,60,9,44
11.7,96,62,9,48
10.9,95,59,9,46.5
10.2,90,60,8,55
9,91,63,9,57.5
7.5,84,65,9,69
4,80,66,10,81
6.1,78,60,8,66.5
7.1,82,57,9,63
11.3,87,60,9,62
12.8,92,61,8,62.5
11.2,98,60,9,52
13.1,86,63,12,63
15.2,84,65,8,66
14.7,86,64,8,67.5
16.6,92,65,9,65.5
16.5,93,65,9,65.5
15.3,92,65,8,66
15.4,90,65,8,66.5
14.2,88,63,9,66.5
11,87,60,9,64.5
13.9,89,60,7,62
11.2,87,61,9,61.5
7.5,84,60,10,60.5
10.5,84,61,9,64
6.1,73,56,7,64
6.6,76,58,9,71
11.2,84,60,10,64.5
15.6,89,62,7,63
13.5,100,56,9,49.5
7.5,100,52,9,37
7.9,100,53,8,35.5
10.7,93,58,7,50.5
8.7,92,64,9,64
9.6,86,68,7,74
7.5,83,66,9,71
7.5,82,65,9,74
6.8,79,64,9,71
9.3,79,59,9,66
8.6,80,56,8,61.5
9.8,84,58,9,60.5
11.3,80,60,7,63
13,80,60,8,72
8.6,90,46,7,45
9.4,86,48,6,50.5
12.4,88,52,8,51
16.4,82,54,8,57.5
14.6,80,60,12,64.5
3.6,83,41,13,33
7.1,86,35,8,28.5
10.4,89,43,7,48
13.4,86,52,7,53.5
8,75,56,15,72
3.6,70,44,12,57
5.4,69,35,9,44
5.8,71,30,8,32
10.1,77,33,7,35
8.4,80,28,10,30.5
9.2,78,40,8,48.5
9.1,68,47,12,57
5.8,68,36,10,50
6.3,72,29,8,32.5
7.9,77,15,8,29
10,82,23,7,27.5
11,78,29,9,42
9.1,69,39,12,51
1.9,63,17,17,26.5
9.2,72,25,9,30
14.4,76,40,7,44.5
10,86,37,8,41.5
13.1,85,37,6,34.5
8.8,87,35,6,35
6.1,85,23,7,17
7.3,81,35,7,44
11.7,70,35,8,44.5
6.5,63,36,9,45.5
9,64,40,8,57
6.3,64,38,8,47.5
7.6,64,29,6,45.5
8.4,67,26,8,33
7.7,66,25,8,34
10.7,72,28,7,36.5
5.9,78,23,7,31
8.2,76,31,7,43
15.2,67,46,5,64
6.5,77,32,6,37.5
7.7,78,30,7,41
8.4,81,31,8,38
12.4,83,39,6,37.5
29.7,75,49,7,60
23.4,68,55,8,84
5.6,65,41,17,58
5,68,31,10,32.5
6.5,66,45,9,62.5
2.7,59,28,15,41
7.4,61,27,8,38
8.5,61,28,7,42
11,66,38,7,50.5
10.5,72,34,8,45
13.1,65,45,7,69
9.9,61,43,8,72
14.4,62,46,7,68.5
14.4,62,46,7,68.5
11.3,62,54,8,92
11.3,62,54,8,92
9.2,67,47,9,67.5
9.2,67,47,9,67.5
7.4,62,38,8,56
7.4,62,38,8,56
3.1,59,27,15,50.5
5.4,62,18,13,30.5
8.8,61,23,8,38
8.9,58,30,10,49
11.9,61,31,6,50
17.7,62,34,7,54.5
15.6,65,26,7,44
11.7,64,19,8,33
12.6,65,27,6,47
19,62,39,10,57.5
10.9,69,45,8,60.5
7.8,59,54,10,86
5.4,58,48,12,88
3.4,59,44,10,73.5
7,62,38,8,61
10.8,60,43,6,66
15.6,62,48,7,74.5
16.6,64,43,7,64.5
6.6,70,34,10,50
10.4,66,47,7,66
18.3,65,49,8,72.5
17.7,65,51,6,72.5
17.9,67,52,8,75.5
27.3,68,52,9,76
16.7,63,55,7,86
10.5,64,55,7,83.5
10.3,69,56,6,81.5
8.9,77,48,8,60
13.3,71,48,6,61
16.2,64,50,9,66.5
9.6,66,43,8,65
11.2,71,39,8,48
7.3,73,34,8,41.5
6.8,73,25,7,26.5
9.7,74,34,9,45.5
19.2,72,50,7,67
13.9,66,53,7,78
4.5,59,50,16,70.5
1.9,51,25,16,42.5
7.3,65,35,8,51
6.2,70,29,7,35.5
6.9,76,28,6,32.5
6.2,77,27,8,27.5
7.4,84,27,7,27
7.9,88,32,7,30
7.2,89,32,8,26.5
7.3,88,33,8,29.5
10.9,87,34,7,29
16.7,85,42,8,46.5
32.1,75,51,8,67.5
18.6,79,49,7,64.5
9.7,89,43,8,43.5
6.9,90,39,9,37
9.2,76,50,12,62
5.2,68,53,9,70.5
9.7,69,49,8,68.5
11.4,72,48,8,62
17.7,73,50,8,65.5
13,78,45,8,56
7.6,83,31,8,27
6.2,81,27,8,25.5
8.6,83,35,9,40
14.6,79,46,10,54.5
20.6,74,54,8,74.5
26.5,75,56,8,76.5
31.3,74,56,7,74.5
39.8,76,55,7,73
34.2,73,54,9,76.5
21.6,74,54,8,73
22.6,70,53,9,73
7.8,67,55,7,78
5.5,67,53,16,76
4.2,61,44,14,69.5
4.2,72,39,10,54
9.5,74,49,8,59
11.9,77,53,9,63.5
6.5,69,52,10,70
7.1,66,44,7,61.5
7.3,68,49,10,68
5.9,70,55,9,64
10.9,77,52,8,68
11.6,87,44,8,48.5
13.1,81,53,9,58.5
22.7,73,55,9,73
26.7,71,55,8,77
6.2,71,38,16,52.5
6.9,77,35,9,35.5
6.8,81,35,10,34
6.8,66,42,12,55.5
9.4,72,44,13,57.5
12.8,72,51,9,63.5
15.5,76,52,9,63.5
12.4,79,52,10,59.5
12.1,80,51,9,56.5
14.5,85,50,7,55
17.6,69,55,8,72.5
13.6,61,57,6,87
7.4,64,55,8,75.5
6.5,70,53,13,68.5
6.8,73,54,10,66.5
7.4,75,53,9,71
9.8,73,54,9,70
11.9,72,51,16,51
6.5,82,32,7,28.5
7.1,89,37,13,36
9.1,89,38,9,32.5
10,89,41,10,45
9.1,87,39,10,45
9.4,78,46,12,52.5
6.8,73,54,13,68.5
8.5,76,46,13,51
11,75,52,10,62
10.7,69,45,15,54
10,70,44,10,53
10.3,70,49,13,59.5
10.5,71,47,10,57
11,69,50,9,66
11.4,69,50,12,67.5
13.4,73,52,9,69.5
17.2,72,54,12,73
15.5,77,55,12,66.5
13.7,69,54,9,77
6.5,68,51,8,62.5
5.2,67,53,9,74.5
4.8,68,52,10,67.5
4.6,71,52,10,66.5
5.1,68,53,9,72
7.3,70,54,8,71.5
9.1,72,55,10,70.5
11.2,75,56,9,75
17.3,78,57,8,69
10,72,55,9,69.5
7,72,55,10,65.5
8.9,71,55,8,70.5
9.7,72,55,10,67.5
10.6,71,56,9,72.5
11.5,72,56,8,69.5
8.5,70,52,10,63.5
6.3,71,48,12,58.5
6.4,72,48,13,59
6.8,74,51,10,60.5
4.2,71,52,10,66.5
3.4,68,51,13,65.5
7.1,74,52,12,69.5
11.4,73,55,10,66.5
13.7,72,55,10,69.5
10,71,53,9,67.5
9.8,72,55,10,71.5
15.7,74,57,9,70.5
14.2,75,58,8,70.5
15.1,78,59,8,73
23.5,87,59,10,68.5
16.9,77,59,9,77
10,71,56,9,78
10.9,73,55,9,73
10,75,56,9,70.5
11.1,77,57,10,69
15.6,72,59,8,79
8.9,77,58,8,74
3.8,70,57,8,78
4.1,72,55,8,70.5
7.1,71,55,12,72.5
14,72,56,10,72.5
10,72,55,9,66.5
14.6,76,52,12,60.5
26.1,84,53,10,57.5
20.4,89,55,12,56.5
13.1,96,51,10,41
14,101,52,9,38
17.5,89,62,10,59
15.5,84,62,10,70
15.4,80,61,9,70.5
15.7,79,61,10,70.5
17.4,80,60,8,69
17.3,82,62,5,70.5
21.7,88,64,8,66.5
15.7,86,64,9,74
16.5,86,63,9,72
16.6,82,61,9,70.5
13.2,80,61,8,69.5
10.1,81,59,8,67.5
9,77,58,9,70.5
9.2,74,58,12,72.5
9.2,77,58,10,69
8.8,78,59,9,72
10.5,80,59,12,68
10.7,83,61,10,68.5
10.9,86,61,10,70.5
9.4,82,61,10,70.5
12,83,60,9,69
15.1,79,60,10,67.5
14.9,83,62,10,69
14.1,83,62,9,73.5
14.1,83,61,9,70
11.4,83,60,9,69
8.9,80,60,10,69
10.6,82,60,9,69
10,82,60,10,66
12.8,89,59,12,56.5
13.6,92,58,10,51
14.7,95,57,9,46
18.2,97,63,9,53
15.2,92,64,8,53.5
15.1,91,64,9,62
10.1,86,62,10,61.5
9.6,89,62,9,60.5
11,88,63,7,67.5
12.8,88,63,9,61.5
12.9,85,64,9,67
9.7,88,65,9,64.5
9.2,85,64,10,67
9.2,85,62,12,67
8.9,83,63,9,67
11.2,84,62,10,67.5
11.9,80,62,9,72.5
9.6,79,61,10,72.5
13.6,80,62,10,70.5
15,81,62,9,70.5
13.3,81,61,8,70.5
12.7,82,61,10,68
9.3,81,60,10,66
7.1,79,62,10,70.5
9,84,62,6,67
13,86,63,9,62
14.2,91,61,12,63.5
12.6,86,59,8,65
12.7,84,59,8,68.5
12.6,83,59,9,66.5
9.4,80,59,9,70.5
9.2,76,59,12,73.5
12.4,83,60,9,69
12.9,84,60,10,66.5
13.8,83,60,9,67
12.7,83,59,10,66
15,82,60,8,67.5
10.4,78,58,10,65.5
12.5,77,58,9,68.5
11.2,81,60,12,72
15.5,86,61,9,65.5
18.2,88,64,9,68.5
16,83,64,9,73.5
16.1,84,63,8,74
14.5,80,62,9,69
9.8,78,59,12,68.5
10.7,77,58,9,70.5
12.7,76,57,8,68.5
12.7,80,60,8,73.5
15.1,81,62,9,75.5
11.2,79,60,10,69
11.7,78,61,9,74.5
11.9,81,62,9,77
10.2,79,60,9,73.5
11.4,73,59,7,77
5.8,70,56,9,69.5
7.7,74,54,10,67.5
11.4,81,56,9,61.5
12.1,78,59,10,73.5
14.6,82,61,7,72.5
19,90,62,8,71.5
15.8,86,60,14,70
8.7,89,61,8,57.5
9.5,84,65,12,71
12.4,79,56,16,56
14.3,79,54,9,52.5
11.7,90,47,9,45
9.5,96,45,9,37.5
6.8,104,41,12,27.5
9.5,97,48,12,33
8.6,90,57,9,56.5
10.3,92,59,9,54
10.7,88,59,12,62
13,86,60,8,66.5
11.2,78,58,8,68.5
9.2,76,52,12,54.5
7.6,78,56,9,60
8.3,76,56,10,66.5
12.1,81,55,8,62.5
9.7,91,41,10,40.5
9.7,90,47,10,45.5
9,91,47,10,50
9,84,54,10,60.5
8.7,71,58,9,81.5
10.7,70,56,8,75.5
13.4,75,57,8,75.5
21.4,74,58,9,79
7.3,76,60,10,75
3.6,75,62,13,78.5
4.7,73,62,10,83
9.9,76,56,9,71
10.7,90,48,7,51.5
8.8,95,32,9,27
10.5,92,35,9,43.5
12.1,85,48,7,52.5
11,80,59,9,66
8.5,76,60,8,80
8.2,74,57,10,75
10.6,77,57,7,71.5
12.1,80,57,9,69.5
6.5,77,60,12,73.5
5.1,80,58,7,72.5
3.1,68,61,7,83
6,69,56,8,73
8,70,54,9,73
10.2,78,50,8,62
8.4,88,42,8,40
11.4,83,47,8,59
21.4,81,56,9,64
22.9,76,58,6,73
20.7,79,56,7,67
12.1,90,50,8,56
8.2,93,41,10,35.5
8.3,90,37,9,27
8.7,87,36,8,26
11.1,82,42,8,36
8.7,88,41,8,36.5
10.5,88,44,8,50
19.8,78,55,8,65
20.6,70,54,8,77.5
10.4,72,41,7,48
7.7,78,21,7,22
11.4,75,38,8,53
12.8,65,55,7,83
4.1,67,54,10,74
8.6,70,50,7,69
10.5,72,45,10,60
8.5,78,32,6,37
10.7,75,33,7,44.5
15.1,63,45,13,73.5
8.9,65,46,16,66
9.6,64,43,7,68.5
9.4,69,42,8,59.5
8.1,68,35,9,48.5
12.2,66,41,8,54.5
5.7,65,18,16,42
11.2,68,24,7,34
15,71,39,6,59
20.1,66,47,8,70.5
17.8,65,50,8,74.5
19.8,65,47,9,76
16,66,46,9,66.5
18,65,53,6,81
32.4,66,54,6,83.5
26.6,65,57,7,83
16.4,67,56,8,86.5
26.8,67,54,9,81.5
44.3,71,53,7,78.5
33.2,65,55,10,83.5
4,61,47,8,67
7.6,62,30,9,44.5
9.6,67,25,5,36.5
9.5,71,20,8,35.5
5.8,79,17,8,17.5
6.8,70,43,12,55
6.5,67,53,7,78
12.2,60,43,6,69
7.4,57,46,5,72.5
11.4,60,45,4,73
13.9,63,50,7,77.5
5.1,64,55,8,86
8.1,64,49,5,72
8.4,70,47,7,66.5
7.3,79,45,9,56
7.7,64,54,12,74
6.7,61,53,7,84
12.9,66,55,9,81.5
5.7,58,53,8,90
9.9,62,49,7,78
15.4,72,47,6,66.5
10.1,66,51,8,76
13.4,66,50,10,76
13.7,62,46,9,75.5
6.8,64,51,13,78
5.5,59,51,16,85.5
5.5,63,45,9,68.5
5.5,56,50,17,86.5
4.1,58,45,14,77
7.1,58,39,7,66
10.8,61,39,10,59.5
10.4,65,36,7,51.5
8.6,64,32,7,47.5
9.9,74,31,7,45.5
9.7,80,29,6,29.5
8.4,80,32,7,32
12.7,77,39,8,43.5
18.6,72,46,9,56.5
16.5,68,49,7,61
14.3,61,55,8,84
8.5,66,55,10,83.5
15.9,61,52,7,81
4.7,61,55,13,90
4.6,66,59,8,89
5.3,73,59,8,84
9.3,75,58,10,82
15.1,65,58,8,87.5
6.4,65,56,6,82
9.9,75,49,6,64
12.3,73,54,12,68.5
15.4,68,53,8,76.5
5.7,61,54,17,86
4.4,63,51,9,82.5
6.1,63,51,8,78.5
7.8,64,53,8,80
8.9,68,55,8,75.5
4.8,66,47,13,69
2.2,62,25,17,33
6,64,30,10,45
11,66,40,10,53.5
4.2,58,45,8,68
6,61,44,7,69
5.8,66,38,9,51
6,75,33,8,41.5
6.3,79,28,10,33.5
5.7,82,28,9,28
9.7,71,45,8,52
5.8,63,48,14,67
5.2,67,30,9,46.5
6.9,77,35,9,42.5
8.1,85,41,9,43
12.1,87,45,7,42.5
11.7,81,47,9,51
14.1,83,51,9,57
21.5,84,54,8,67
32.5,88,55,5,62.5
14,85,54,10,63.5
17.8,79,55,10,64.5
23.5,78,55,7,74
27.8,75,55,8,73
19,77,54,8,69.5
5.7,71,51,12,64.5
4,69,56,15,71
4.8,70,44,10,58
8.5,72,49,12,62
7.2,70,52,12,69.5
8.3,71,52,13,67.5
6.7,74,45,15,54.5
8.3,79,43,10,48
9.3,83,45,12,48
10.8,75,46,14,49.5
8.4,76,32,14,37.5
12.1,74,44,10,49.5
13.8,79,51,8,60.5
12.7,69,52,10,70.5
14.7,86,53,9,54
16.2,79,56,9,66
8.2,72,52,9,66.5
5.9,69,50,14,62.5
7.3,72,43,13,54.5
9.2,79,40,10,44
11.1,77,46,10,48.5
8.5,75,53,13,63.5
4.6,71,51,13,71
7.9,70,46,12,57
9.5,76,44,12,53.5
9.3,77,46,12,52
5.5,75,52,12,59.5
3.6,77,58,14,71.5
5.8,76,56,12,68
11.9,79,50,14,55.5
13.8,90,49,9,50.5
12.9,90,50,12,48
10.8,81,53,9,53.5
13.3,73,53,10,65
7.2,77,43,14,49.5
11.2,78,53,8,57
7.2,85,49,17,53.5
5.3,85,28,18,16.5
7,83,26,12,28.5
9.7,87,39,12,39
12.7,85,47,9,50.5
12.7,87,53,10,55
12.5,82,58,10,66
12.1,80,57,10,69
18.1,72,55,12,73.5
6.3,66,51,10,66
4.9,66,47,10,66.5
11.3,71,50,10,66.5
10.9,71,53,10,75
7.4,69,54,7,66
8.6,71,54,10,69.5
14.1,75,55,10,70
9,75,46,12,49.5
12,72,51,9,61
8.2,67,48,12,62.5
10,70,49,9,64.5
8.8,70,51,9,63
10.7,75,53,10,63
11.2,88,48,12,47
10.4,94,45,12,36.5
11.6,87,56,9,57
12.6,81,58,8,67.5
11.4,82,57,10,67
15.1,76,55,9,68.5
5.1,68,50,10,62.5
4.3,72,53,10,65.5
5.6,72,52,10,66.5
8.5,78,55,10,67
12.7,68,56,4,79
14.4,72,57,10,72.5
15.5,69,57,8,75
9.9,73,57,10,72.5
14,77,58,9,71
19,80,60,9,70.5
20.8,75,59,8,73.5
16.3,76,59,9,75
17.8,73,59,7,74
12.2,72,59,8,78
5.4,70,58,10,79.5
6,77,57,10,71.5
5.5,75,57,8,70.5
5.6,72,54,9,63.5
8.3,74,50,10,53.5
11.1,81,52,12,56.5
14.8,85,55,9,56.5
16.9,86,57,10,57.5
14.8,88,60,9,62
13.5,86,60,9,62
11.9,84,61,8,69.5
10.6,84,61,8,72
12.9,82,61,7,67
12.1,81,61,0,70.5
10.6,78,61,10,73.5
8.7,77,60,9,76.5
13.2,88,61,10,64.5
13.8,94,58,12,53
10.7,89,56,9,51.5
12.7,80,59,9,71
26.6,78,58,8,69
14,77,59,10,72.5
16.4,75,60,8,75
11.7,82,59,8,65
12.6,84,60,8,69
54.9,82,60,10,66
22.3,86,60,8,63.5
13.1,88,61,9,60.5
17.2,96,61,9,55.5
18.6,98,63,8,54
16.1,96,64,7,60
14,92,64,9,62.5
8.4,86,65,10,67.5
8.2,82,63,9,73.5
10,83,63,10,70.5
10,82,62,10,73.5
14,89,62,9,63.5
16.3,87,64,9,65
15.6,86,65,8,69.5
13.6,85,64,9,72.5
13,86,64,9,68.5
13.4,89,63,8,63.5
14.4,85,63,10,69
15.3,86,64,9,66
13.1,86,64,9,68
9.5,85,64,6,66
6.5,82,64,9,69.5
5.6,82,63,12,72.5
7,83,62,8,69
10.8,84,63,9,69
12,86,63,10,67.5
10,83,63,10,71
10.7,82,62,9,75.5
13.6,91,64,9,61
14.5,93,66,9,61.5
11.6,92,66,12,63
8.1,86,65,9,63.5
9.5,87,65,9,67.5
9.5,83,64,9,69.5
11.7,83,64,10,71
16.3,87,63,9,66
14.7,84,63,10,70.5
13.7,85,64,9,71
12.7,83,63,10,71
18.2,85,63,9,67.5
15.9,84,62,10,66
12.9,81,62,10,72.5
7.2,77,61,9,70.5
9.6,80,59,10,63
11.4,81,61,10,66
10.4,81,62,10,73.5
11.4,83,61,9,66
10.6,82,61,10,65
8.7,82,61,10,66
10.1,82,62,10,69
14.3,79,62,9,69.5
16.6,79,61,9,67
20.4,81,63,8,67.5
16.3,87,64,9,70.5
10.4,83,64,8,75.5
16.1,88,64,10,67.5
21.5,96,64,7,59
18.9,92,63,8,58
16.9,102,64,8,53
16.6,102,65,10,53
17.5,100,65,7,45.5
12,99,67,10,53.5
11,85,68,10,71.5
11.6,83,66,10,71
14.4,83,64,12,67
16,86,62,9,67
15.8,85,63,9,67.5
13.2,83,61,9,66.5
12.7,91,62,9,60.5
13.2,93,63,12,55.5
9.6,79,64,10,75
8,78,61,12,70.5
6.7,78,58,12,69
7.6,78,60,10,70.5
9.7,79,60,8,65.5
10.5,76,60,9,70.5
12,77,61,8,75
9.7,76,60,9,68
9,80,60,9,66
7.6,73,59,12,68
7.4,76,52,12,55.5
8.8,76,53,12,59.5
8.2,86,47,10,48.5
6.4,88,37,13,31.5
12.6,87,49,9,50
14.5,86,60,9,62.5
14.7,88,57,10,60
13.8,89,58,9,59
21.7,82,61,8,71
12.7,78,59,9,64.5
12.4,79,57,12,60
12.5,78,59,10,66.5
11.9,79,53,9,60.5
13.8,85,52,9,50.5
15.1,92,48,8,50
11.2,96,41,9,37.5
14.5,82,60,8,69
15.2,87,54,9,47
10.2,88,46,9,45.5
15.3,76,59,8,71.5
18.5,78,57,10,66.5
23.2,78,58,8,72
25.7,87,56,8,56.5
13.3,96,37,8,39
10.2,96,35,10,28.5
12.9,94,43,7,31
18.8,86,57,9,53.5
21.7,78,60,9,67.5
8.8,75,57,9,54.5
9.9,78,46,10,49
7.2,93,39,8,36
7.9,102,36,8,34.5
7.7,104,44,7,26.5
8,100,36,8,24
11.8,93,41,9,29
15.4,86,50,8,52
27,80,60,8,70.5
36.3,73,58,10,75.5
9.2,69,56,7,67.5
6.2,69,57,8,76.5
5.3,72,55,8,65.5
3.5,68,52,8,66
6.4,71,51,9,55.5
7,72,53,12,65.5
5.1,70,56,7,77
6.3,73,53,8,64.5
7.3,76,53,9,62.5
6.3,77,55,10,66.5
4.3,72,56,8,71.5
6.7,71,54,10,70
12.5,73,53,9,68.5
25.6,69,54,8,75
20,73,51,6,68.5
15.7,78,50,9,63
19.5,79,49,7,55.5
14.6,78,50,9,52
6.1,73,58,10,77
6.4,78,48,9,59
6.8,77,34,7,46.5
11.8,73,39,7,49
11.4,88,40,8,39.5
6.4,93,37,7,28
7.5,92,43,8,44
14.8,84,49,7,47
19.8,83,53,6,60
36.8,71,56,9,77
15.4,68,51,10,66
9.3,76,44,8,53.5
12.1,75,49,7,57.5
14.2,76,47,6,54
14.1,74,50,7,65.5
14.9,76,49,8,62
19.7,69,52,8,74.5
11.2,72,33,8,50.5
8.2,71,14,12,24.5
20.9,75,23,6,28.5
10.2,78,21,7,27.5
11.2,78,24,8,24.5
10.6,83,24,6,24
9.1,82,23,8,23
9.8,80,18,8,22
10,83,16,8,26.5
11.9,81,25,7,33.5
23.3,76,32,7,37
14.5,81,27,9,31
21.9,67,45,9,58
9.9,72,27,8,48.5
7.9,72,28,9,40
17.2,69,41,6,62
13.3,60,44,13,58
7.2,63,23,8,31.5
10.1,65,25,6,38.5
12.7,66,29,7,46
20.9,74,35,8,46
46.9,69,41,6,55.5
37,76,44,7,56
17.3,79,43,5,56
11.6,83,33,7,38
30.9,73,47,8,59
49.2,69,50,7,70
